packets,RST sent,ACK sent,PURE ACK sent,unique bytes,data pkts,data bytes,rexmit pkts,rexmit bytes,out seq pkts,SYN count,FIN count,packets2,RST sent2,ACK sent2,PURE ACK sent2,unique bytes2,data pkts2,data bytes2,rexmit pkts2,rexmit bytes2,out seq pkts2,SYN count2,FIN count2,Completion time,C first payload,S first payload,C last payload,S last payload,C first ack,S first ack,C Internal,S Internal,C anonymized,S anonymized,Connection type,P2P type,HTTP type,Average rtt C2S,rtt min,rtt max,Stdev rtt,rtt count,ttl_min,ttl_max,Average rtt S2C,rtt min2,rtt max2,Stdev rtt2,rtt count2,ttl_min2,ttl_max2,P2P subtype,ED2K Data,ED2K Signaling,ED2K C2S,ED2K C2C,ED2K Chat,RFC1323 ws,RFC1323 ts,window scale,SACK req,SACK sent,MSS,max seg size,min seg size,win max,win min,win zero,cwin max,cwin min,initial cwin,rtx RTO,rtx FR,reordering,net dup,unknown,flow control,unnece rtx RTO,unnece rtx FR,SYN seqno,RFC1323 ws,RFC1323 ts,window scale,SACK req,SACK sent,MSS2,max seg size2,min seg size2,win max2,win min2,win zero2,cwin max2,cwin min2,initial cwin2,rtx RTO2,rtx FR2,reordering2,net dup2,unknown2,flow control2,unnece rtx RTO2,unnece rtx FR2,SYN seqno2,httpignore,httpignore2,httpignore3,httpignore4,httpignore5,httpignore6,httpignore7,httpignore8
17,0,16,9,452,6,452,0,0,0,1,1,17,0,17,5,2944,10,2944,0,0,0,1,1,15018.499,2.789,2.704,15015.842,15017.425,0.505,2.704,1,1,0,0,0,0,0,10.417495,0.245,40.75,18.441338,8,64,64,7.39166,0.008,40.051,16.106935,11,64,64,0,0,0,0,0,0,1,1,7,1,0,1460,164,16,20480,14600,0,164,16,164,0,0,0,0,0,0,0,0,0,1,1,7,1,0,1460,1448,16,15616,14480,0,1480,16,64,0,0,0,0,0,0,0,0,0,0,0,6,9,0,0,0,0
29849,0,29848,2,302437808,29846,314389600,8254,11951792,2375,1,1,32462,0,32462,32460,0,0,0,0,0,0,1,1,22637.369,1.402,0,22628.312,0,0.425,1.667,1,1,0,0,0,0,0,0.341555,0.079,164.544,2.662691,7448,64,64,0.013999,0.009,0.019,0,2,64,64,0,0,0,0,0,0,1,1,7,1,0,1460,65160,24,14720,14600,0,1139576,24,13056,203,520,71,0,4286,0,13,5536,0,1,1,7,1,6724,1460,0,0,2395008,14480,0,0,0,0,0,0,0,0,0,0,0,0,0,0,0,618,0,0,0,0,0
17,0,16,9,452,6,452,0,0,0,1,1,17,0,17,5,2944,10,2944,0,0,0,1,1,13779.659,3.901,3.619,13773.511,13778.591,0.422,3.619,1,1,0,0,0,0,0,10.405245,0.399,40.102,18.316401,8,64,64,7.204025,0.008,39.216,15.815187,11,64,64,0,0,0,0,0,0,1,1,7,1,0,1460,164,16,20480,14600,0,164,16,164,0,0,0,0,0,0,0,0,0,1,1,7,1,0,1460,1448,16,15616,14480,0,1480,16,64,0,0,0,0,0,0,0,0,0,0,0,6,9,0,0,0,0
17,0,16,9,452,6,452,0,0,0,1,1,17,0,17,5,2944,10,2944,0,0,0,1,1,11978.261,3.124,3.043,11974.309,11977.17,0.559,3.043,1,1,0,0,0,0,0,10.357496,0.237,40.075,18.252176,8,64,64,7.202116,0.016,39.215,15.77129,11,64,64,0,0,0,0,0,0,1,1,7,1,0,1460,164,16,20480,14600,0,164,16,164,0,0,0,0,0,0,0,0,0,1,1,7,1,0,1460,1448,16,15616,14480,0,1480,16,64,0,0,0,0,0,0,0,0,0,0,0,6,9,0,0,0,0
17,0,16,9,452,6,452,0,0,0,1,1,17,0,17,5,2944,10,2944,0,0,0,1,1,14394.429,2.708,2.642,14391.412,14393.425,0.3,2.642,1,1,0,0,0,0,0,10.316121,0.246,40.307,18.402209,8,64,64,7.309843,0.018,40.117,15.955641,11,64,64,0,0,0,0,0,0,1,1,7,1,0,1460,164,16,20480,14600,0,164,16,164,0,0,0,0,0,0,0,0,0,1,1,7,1,0,1460,1448,16,15616,14480,0,1480,16,64,0,0,0,0,0,0,0,0,0,0,0,6,9,0,0,0,0
34339,0,34338,2,216595920,34336,227111296,7262,10515376,936,1,1,26494,0,26494,26492,0,0,0,0,0,0,1,1,23231.114,1.83,0,23228.668,0,0.522,2.24,1,1,0,0,0,0,0,0.265573,0.076,141.921,1.709252,11848,64,64,0.024999,0.022,0.028,0,2,64,64,0,0,0,0,0,0,1,1,7,1,0,1460,65160,24,14720,14600,0,1640584,24,13056,161,482,95,0,3628,0,27,3805,0,1,1,7,1,5581,1460,0,0,2093824,14480,0,0,0,0,0,0,0,0,0,0,0,0,0,0,0,759,0,0,0,0,0
63287,0,63286,2,499843455,63284,520580264,14322,20736809,2956,1,1,52961,0,52961,52959,0,0,0,0,0,0,1,1,51564.347,3.126,0,51556.554,0,0.429,4.624,1,1,0,0,0,0,0,0.321067,0.049,193.548,2.336273,18228,64,64,0.026499,0.026,0.027,0,2,64,64,0,0,0,0,0,0,1,1,7,1,0,1460,65160,24,14720,14600,0,2567304,24,13056,324,903,355,0,7688,0,34,7974,0,1,1,7,1,11314,1460,0,0,2502144,14480,0,0,0,0,0,0,0,0,0,0,0,0,0,0,0,1496,0,0,0,0,0
17,0,16,9,452,6,452,0,0,0,1,1,17,0,17,5,2944,10,2944,0,0,0,1,1,11437.451,2.66,2.576,11434.206,11436.339,0.397,2.576,1,1,0,0,0,0,0,10.253872,0.26,40.171,18.263805,8,64,64,7.266116,0.013,39.636,15.836355,11,64,64,0,0,0,0,0,0,1,1,7,1,0,1460,164,16,20480,14600,0,164,16,164,0,0,0,0,0,0,0,0,0,1,1,7,1,0,1460,1448,16,15616,14480,0,1480,16,64,0,0,0,0,0,0,0,0,0,0,0,6,9,0,0,0,0
17,0,16,9,452,6,452,0,0,0,1,1,17,0,17,5,2944,10,2944,0,0,0,1,1,11863.072,2.213,2.145,11858.645,11861.713,0.179,2.145,1,1,0,0,0,0,0,10.351371,0.161,40.278,18.198549,8,64,64,7.334752,0.018,39.95,16.022463,11,64,64,0,0,0,0,0,0,1,1,7,1,0,1460,164,16,20480,14600,0,164,16,164,0,0,0,0,0,0,0,0,0,1,1,7,1,0,1460,1448,16,15616,14480,0,1480,16,64,0,0,0,0,0,0,0,0,0,0,0,6,9,0,0,0,0
33730,0,33729,2,303654024,33727,316853992,9116,13199968,1213,1,1,28477,0,28477,28475,0,0,0,0,0,0,1,1,29049.179,1.908,0,29045.444,0,0.227,2.365,1,1,0,0,0,0,0,0.334123,0.076,64.723,1.963287,9757,64,64,0.014499,0.014,0.015,0,2,64,64,0,0,0,0,0,0,1,1,7,1,0,1460,65160,24,14720,14600,0,434400,24,13056,230,351,33,0,4168,0,16,5531,0,1,1,7,1,5189,1460,0,0,2093824,14480,0,0,0,0,0,0,0,0,0,0,0,0,0,0,0,1073,0,0,0,0,0
17,0,16,9,452,6,452,0,0,0,1,1,17,0,17,5,2944,10,2944,0,0,0,1,1,13804.857,1.963,1.859,13801.622,13803.576,0.182,1.859,1,1,0,0,0,0,0,10.231372,0.127,40.256,18.335769,8,64,64,7.356206,0.008,39.743,16.003548,11,64,64,0,0,0,0,0,0,1,1,7,1,0,1460,164,16,20480,14600,0,164,16,164,0,0,0,0,0,0,0,0,0,1,1,7,1,0,1460,1448,16,15616,14480,0,1480,16,64,0,0,0,0,0,0,0,0,0,0,0,6,9,0,0,0,0
16,0,15,8,452,6,452,0,0,0,1,1,17,0,17,5,2944,10,2944,0,0,0,1,1,13757.811,228.592,228.429,13754.917,13756.821,226.401,228.429,1,1,0,0,0,0,0,38.537268,0.144,226.377,78.003735,8,64,64,8.02362,0.017,39.84,16.587116,10,64,64,0,0,0,0,0,0,1,1,7,1,0,1460,164,16,20480,14600,0,164,16,164,0,0,0,0,0,0,0,0,0,1,1,7,1,0,1460,1448,16,15616,14480,0,2720,16,64,0,0,0,0,0,0,0,0,0,0,0,6,9,0,0,0,0
9604,0,9603,2,29161776,9601,31164360,1383,2002584,59,1,1,8339,0,8339,8337,0,0,0,0,0,0,1,1,3585.954,3.646,0,3578.154,0,0.26,3.892,1,1,0,0,0,0,0,0.16649,0.072,6.209,0.191209,5679,64,64,0.020999,0.015,0.027,0,2,64,64,0,0,0,0,0,0,1,1,7,1,0,1460,46336,24,14720,14600,0,175208,24,13056,18,55,13,0,1096,0,2,258,0,1,1,7,1,1511,1460,0,0,1227904,14480,0,0,0,0,0,0,0,0,0,0,0,0,0,0,0,516,0,0,0,0,0
35421,0,35420,2,169622240,35417,179415064,6763,9792824,783,1,1,30647,0,30647,30645,0,0,0,0,0,0,1,1,20039.278,1.398,0,20018.674,0,0.47,1.778,1,1,0,0,0,0,0,0.205701,0.07,39.975,0.720113,15229,64,64,0.016499,0.015,0.018,0,2,64,64,0,0,0,0,0,0,1,1,7,1,0,1460,65160,24,14720,14600,0,673320,24,13056,121,460,244,0,4746,0,24,1951,0,1,1,7,1,6850,1460,0,0,1581312,14480,0,0,0,0,0,0,0,0,0,0,0,0,0,0,0,754,0,0,0,0,0
68782,0,68781,2,519861093,68778,541250952,14773,21389859,3170,1,1,58905,0,58905,58903,0,0,0,0,0,0,1,1,53123.962,0.536,0,53108.814,0,0.387,0.749,1,1,0,0,0,0,0,0.32987,0.068,160.402,2.123049,21673,64,64,0.018499,0.018,0.019,0,2,64,64,0,0,0,0,0,0,1,1,7,1,0,1460,65160,24,14720,14600,0,1207632,24,13056,333,656,435,0,8292,0,42,8185,0,1,1,7,1,12681,1460,0,0,2503168,14480,0,0,0,0,0,0,0,0,0,0,0,0,0,0,0,1158,0,0,0,0,0
17,0,16,9,452,6,452,0,0,0,1,1,17,0,17,5,2944,10,2944,0,0,0,1,1,11631.797,10.565,10.48,11627.71,11630.545,0.196,10.48,1,1,0,0,0,0,0,10.347246,0.184,40.441,18.333657,8,64,64,7.297297,0.012,39.66,15.908793,11,64,64,0,0,0,0,0,0,1,1,7,1,0,1460,164,16,20480,14600,0,164,16,164,0,0,0,0,0,0,0,0,0,1,1,7,1,0,1460,1448,16,15616,14480,0,1480,16,64,0,0,0,0,0,0,0,0,0,0,0,6,9,0,0,0,0
37016,0,37015,2,321041800,37013,334551640,9330,13509840,2177,1,1,31821,0,31821,31819,0,0,0,0,0,0,1,1,31205.276,1.19,0,31197.81,0,0.375,1.533,1,1,0,0,0,0,0,0.361394,0.079,182.801,2.508707,10206,64,64,0.016499,0.014,0.019,0,2,64,64,0,0,0,0,0,0,1,1,7,1,0,1460,65160,24,14720,14600,0,501008,24,13056,202,535,214,0,5549,0,30,4977,0,1,1,7,1,6301,1460,0,0,2247296,14480,0,0,0,0,0,0,0,0,0,0,0,0,0,0,0,1201,0,0,0,0,0
17,0,16,9,452,6,452,0,0,0,1,1,16,0,16,5,1704,9,1704,0,0,0,1,1,12362.265,5.251,5.15,12358.752,12360.836,0.472,5.15,1,1,0,0,0,0,0,10.456869,0.226,40.788,18.446858,8,64,64,7.893921,0.01,39.236,16.518012,10,64,64,0,0,0,0,0,0,1,1,7,1,0,1460,164,16,20480,14600,0,164,16,164,0,0,0,0,0,0,0,0,0,1,1,7,1,0,1460,1448,16,15616,14480,0,1480,16,64,0,0,0,0,0,0,0,0,0,0,0,6,9,0,0,0,0
69927,0,69926,2,587890349,69924,610587752,15676,22697403,4492,1,1,62756,0,62756,62754,0,0,0,0,0,0,1,1,56334.324,1.6,0,56324.058,0,0.393,1.937,1,1,0,0,0,0,0,0.365731,0.073,391.474,3.580304,20552,64,64,0.017499,0.013,0.022,0,2,64,64,0,0,0,0,0,0,1,1,7,1,0,1460,65160,24,14720,14600,0,1201840,24,13056,318,1265,305,0,8652,0,54,9574,0,1,1,7,1,13244,1460,0,0,2337152,14480,0,0,0,0,0,0,0,0,0,0,0,0,0,0,0,387,0,0,0,0,0
15568,0,15567,2,148047832,15565,153280904,3614,5233072,1381,1,1,13855,0,13855,13853,0,0,0,0,0,0,1,1,15323.827,10.647,0,15313.192,0,10.399,11.034,1,1,0,0,0,0,0,0.40099,0.085,40.651,1.915618,3665,64,64,0.019499,0.012,0.027,0,2,64,64,0,0,0,0,0,0,1,1,7,1,0,1460,65160,24,14720,14600,0,905000,24,13056,161,242,445,0,1809,0,15,2323,0,1,1,7,1,3231,1460,0,0,1992448,14480,0,0,0,0,0,0,0,0,0,0,0,0,0,0,0,456,0,0,0,0,0
17,0,16,9,452,6,452,0,0,0,1,1,17,0,17,5,2944,10,2944,0,0,0,1,1,14871.508,2.744,2.674,14866.897,14870.483,0.538,2.674,1,1,0,0,0,0,0,10.42612,0.433,40.174,18.225549,8,64,64,7.317297,0.015,39.854,16.029862,11,64,64,0,0,0,0,0,0,1,1,7,1,0,1460,164,16,20480,14600,0,164,16,164,0,0,0,0,0,0,0,0,0,1,1,7,1,0,1460,1448,16,15616,14480,0,1480,16,64,0,0,0,0,0,0,0,0,0,0,0,6,9,0,0,0,0
45,0,44,2,131096,41,131096,0,0,0,1,1,30,0,30,28,0,0,0,0,0,0,1,1,18.977,1.288,0,3.851,0,0.279,1.547,1,1,0,0,0,0,0,0.521798,0.208,7.373,1.295011,30,64,64,0.016499,0.014,0.019,0,2,64,64,0,0,0,0,0,0,1,1,7,1,0,1460,7240,24,14720,14600,0,17376,24,13056,0,0,0,0,0,0,0,0,0,1,1,7,1,0,1460,0,0,92672,14480,0,0,0,0,0,0,0,0,0,0,0,0,0,0,0,10,0,0,0,0,0
17,0,16,9,452,6,452,0,0,0,1,1,17,0,17,5,2944,10,2944,0,0,0,1,1,11958.547,2.699,2.602,11954.557,11957.512,0.505,2.602,1,1,0,0,0,0,0,10.525368,0.162,40.646,18.418094,8,64,64,7.258298,0.009,39.579,15.917273,11,64,64,0,0,0,0,0,0,1,1,7,1,0,1460,164,16,20480,14600,0,164,16,164,0,0,0,0,0,0,0,0,0,1,1,7,1,0,1460,1448,16,15616,14480,0,1480,16,64,0,0,0,0,0,0,0,0,0,0,0,6,9,0,0,0,0
64093,0,64092,2,582609440,64090,604940496,15422,22331056,3462,1,1,55279,0,55279,55277,0,0,0,0,0,0,1,1,49139.695,13.043,0,49138.205,0,12.813,13.359,1,1,0,0,0,0,0,0.395085,0.079,449.581,4.436357,17411,64,64,0.010499,0.007,0.014,0,2,64,64,0,0,0,0,0,0,1,1,7,1,0,1460,65160,24,14720,14600,0,1216320,24,13056,358,1670,699,0,7412,0,39,8706,0,1,1,7,1,11343,1460,0,0,2088064,14480,0,0,0,0,0,0,0,0,0,0,0,0,0,0,0,1731,0,0,0,0,0
17,0,16,9,452,6,452,0,0,0,1,1,17,0,17,5,2944,10,2944,0,0,0,1,1,13871.104,3.002,2.922,13867.636,13869.98,0.564,2.922,1,1,0,0,0,0,0,10.42487,0.261,40.477,18.406611,8,64,64,7.203207,0.008,39.317,15.774202,11,64,64,0,0,0,0,0,0,1,1,7,1,0,1460,164,16,20480,14600,0,164,16,164,0,0,0,0,0,0,0,0,0,1,1,7,1,0,1460,1448,16,15616,14480,0,1480,16,64,0,0,0,0,0,0,0,0,0,0,0,6,9,0,0,0,0
76062,0,76061,2,656580296,76059,680383744,16439,23803448,4708,1,2,64266,0,64266,64264,0,0,0,0,0,0,1,1,54336.266,0.853,0,54331.17,0,0.346,1.103,1,1,0,0,0,0,0,0.337701,0.079,99.058,2.184067,22837,64,64,0.022499,0.014,0.031,0,2,64,64,0,0,0,0,0,0,1,1,7,1,0,1460,65160,8,14720,14600,0,912240,24,13056,606,842,788,0,9940,0,46,8925,0,1,1,7,1,12834,1460,0,0,2276352,14480,0,0,0,0,0,0,0,0,0,0,0,0,0,0,0,2077,0,0,0,0,0
4428,0,4427,2,34561744,4424,35776616,839,1214872,190,1,1,3512,0,3512,3510,0,0,0,0,0,0,1,1,4111.215,0.755,0,4100.15,0,0.204,0.745,1,1,0,0,0,0,0,0.300756,0.114,40.689,1.66964,1791,64,64,0.018499,0.006,0.031,0,2,64,64,0,0,0,0,0,0,1,1,7,1,0,1460,65160,880,14720,14600,0,347520,1448,0,23,26,26,0,596,0,2,356,0,1,1,7,1,504,1460,0,0,1413248,14480,0,0,0,0,0,0,0,0,0,0,0,0,0,0,0,312,0,0,0,0,0
17,0,16,9,452,6,452,0,0,0,1,1,17,0,17,5,2944,10,2944,0,0,0,1,1,13719.278,2.603,2.475,13716.24,13718.149,0.448,2.475,1,1,0,0,0,0,0,10.291871,0.157,40.878,18.432521,8,64,64,7.276934,0.008,39.453,15.865303,11,64,64,0,0,0,0,0,0,1,1,7,1,0,1460,164,16,20480,14600,0,164,16,164,0,0,0,0,0,0,0,0,0,1,1,7,1,0,1460,1448,16,15616,14480,0,1480,16,64,0,0,0,0,0,0,0,0,0,0,0,6,9,0,0,0,0
44342,0,44341,2,394987992,44339,410551096,10748,15563104,3351,1,1,42703,0,42703,42701,0,0,0,0,0,0,1,1,31095.048,0.76,0,31091.702,0,0.56,1.158,1,1,0,0,0,0,0,0.314534,0.074,162.461,2.235361,13579,64,64,0.012999,0.012,0.014,0,2,64,64,0,0,0,0,0,0,1,1,7,1,0,1460,65160,24,14720,14600,0,1041112,24,13056,241,1017,198,0,6445,0,19,6179,0,1,1,7,1,8077,1460,0,0,2322688,14480,0,0,0,0,0,0,0,0,0,0,0,0,0,0,0,586,0,0,0,0,0
17,0,16,9,452,6,452,0,0,0,1,1,17,0,17,5,2944,10,2944,0,0,0,1,1,12612.344,2.991,2.822,12608.795,12611.174,0.422,2.822,1,1,0,0,0,0,0,10.372995,0.391,40.106,18.34053,8,64,64,7.24857,0.005,39.229,15.805473,11,64,64,0,0,0,0,0,0,1,1,7,1,0,1460,164,16,20480,14600,0,164,16,164,0,0,0,0,0,0,0,0,0,1,1,7,1,0,1460,1448,16,15616,14480,0,1480,16,64,0,0,0,0,0,0,0,0,0,0,0,6,9,0,0,0,0
11840,0,11839,2,79888064,11836,84045272,2871,4157208,159,1,1,8808,0,8808,8806,0,0,0,0,0,0,1,1,11192.161,0.506,0,11180.558,0,0.442,0.793,1,1,0,0,0,0,0,0.296598,0.076,40.082,1.247953,3260,64,64,0.023999,0.009,0.039,0,2,64,64,0,0,0,0,0,0,1,1,7,1,0,1460,65160,24,14720,14600,0,582096,24,13056,83,358,0,0,1405,0,15,1169,0,1,1,7,1,2135,1460,0,0,1847680,14480,0,0,0,0,0,0,0,0,0,0,0,0,0,0,0,376,0,0,0,0,0
17,0,16,9,452,6,452,0,0,0,1,1,17,0,17,5,2944,10,2944,0,0,0,1,1,11943.665,2.621,2.529,11856.383,11942.599,0.376,2.529,1,1,0,0,0,0,0,10.318996,0.309,40.396,18.339417,8,64,64,7.353024,0.011,39.785,16.029514,11,64,64,0,0,0,0,0,0,1,1,7,1,0,1460,164,16,20480,14600,0,164,16,164,0,0,0,0,0,0,0,0,0,1,1,7,1,0,1460,1448,16,15616,14480,0,1480,16,64,0,0,0,0,0,0,0,0,0,0,0,6,9,0,0,0,0
72685,0,72684,2,594492616,72682,617107480,15618,22614864,4343,1,1,60778,0,60778,60776,0,0,0,0,0,0,1,1,51506.84,2.188,0,51505.471,0,2.03,2.503,1,1,0,0,0,0,0,0.323697,0.074,94.692,1.849246,21090,64,64,0.019499,0.018,0.021,0,2,64,64,0,0,0,0,0,0,1,1,7,1,0,1460,65160,24,14720,14600,0,918032,24,24,480,1205,504,0,9472,0,40,8260,0,1,1,7,1,12806,1460,0,0,2507904,14480,0,0,0,0,0,0,0,0,0,0,0,0,0,0,0,1783,0,0,0,0,0
17,0,16,9,452,6,452,0,0,0,1,1,17,0,17,5,2944,10,2944,0,0,0,1,1,13703.044,2.604,2.456,13698.718,13701.935,0.179,2.456,1,1,0,0,0,0,0,11.541231,0.167,40.159,17.927486,8,64,64,7.361297,0.012,39.955,16.078466,11,64,64,0,0,0,0,0,0,1,1,7,1,0,1460,164,16,20480,14600,0,164,16,164,0,0,0,0,0,0,0,0,0,1,1,7,1,0,1460,1448,16,15616,14480,0,1480,16,64,0,0,0,0,0,0,0,0,0,0,0,6,9,0,0,0,0
52947,0,52946,2,378606976,52944,395610840,11743,17003864,2683,1,1,43723,0,43723,43721,0,0,0,0,0,0,1,1,42026.095,2.549,0,42018.122,0,0.319,2.919,1,1,0,0,0,0,0,0.3193,0.075,84.153,1.684189,15883,64,64,0.018999,0.012,0.026,0,2,64,64,0,0,0,0,0,0,1,1,7,1,0,1460,65160,24,14720,14600,0,909344,24,13056,294,790,343,0,7062,0,30,5907,0,1,1,7,1,9578,1460,0,0,2018560,14480,0,0,0,0,0,0,0,0,0,0,0,0,0,0,0,1388,0,0,0,0,0
17,0,16,9,452,6,452,0,0,0,1,1,17,0,17,5,2944,10,2944,0,0,0,1,1,12414.894,2.798,2.725,12410.335,12413.531,0.437,2.725,1,1,0,0,0,0,0,10.356496,0.269,40.061,18.242961,8,64,64,7.212025,0.013,39.367,15.740561,11,64,64,0,0,0,0,0,0,1,1,7,1,0,1460,164,16,20480,14600,0,164,16,164,0,0,0,0,0,0,0,0,0,1,1,7,1,0,1460,1448,16,15616,14480,0,1480,16,64,0,0,0,0,0,0,0,0,0,0,0,6,9,0,0,0,0
17,0,16,9,452,6,452,0,0,0,1,1,17,0,17,5,2944,10,2944,0,0,0,1,1,13246.578,3.841,3.761,13241.68,13243.426,0.421,3.761,1,1,0,0,0,0,0,10.546118,0.238,40.365,18.304536,8,64,64,7.337479,0.013,39.937,15.985965,11,64,64,0,0,0,0,0,0,1,1,7,1,0,1460,164,16,20480,14600,0,164,16,164,0,0,0,0,0,0,0,0,0,1,1,7,1,0,1460,1448,16,15616,14480,0,1480,16,64,0,0,0,0,0,0,0,0,0,0,0,6,9,0,0,0,0
9784,0,9783,2,71619168,9780,74238600,1809,2619432,414,1,1,7619,0,7619,7617,0,0,0,0,0,0,1,1,5089.913,1.446,0,5079.457,0,0.446,1.925,1,1,0,0,0,0,0,0.339637,0.085,81.772,1.967185,3014,64,64,0.025999,0.015,0.037,0,2,64,64,0,0,0,0,0,0,1,1,7,1,0,1460,65160,24,14720,14600,0,573408,24,13056,37,120,90,0,1304,0,2,670,0,1,1,7,1,1516,1460,0,0,1708672,14480,0,0,0,0,0,0,0,0,0,0,0,0,0,0,0,319,0,0,0,0,0
4198,0,4197,2,17651416,4195,18544832,617,893416,46,1,1,2737,0,2737,2735,0,0,0,0,0,0,1,1,2059.269,1.479,0,2054.531,0,0.305,1.816,1,1,0,0,0,0,0,0.230517,0.075,3.483,0.147297,1701,64,64,0.014999,0.014,0.016,0,2,64,64,0,0,0,0,0,0,1,1,7,1,0,1460,53576,24,14720,14600,0,124528,24,13056,17,34,0,0,586,0,4,22,0,1,1,7,1,533,1460,0,0,964480,14480,0,0,0,0,0,0,0,0,0,0,0,0,0,0,0,291,0,0,0,0,0
63030,0,63029,2,471866480,63027,490082320,12580,18215840,3983,1,1,56466,0,56466,56464,0,0,0,0,0,0,1,1,41144.769,1.695,0,41143.38,0,0.41,2.106,1,1,0,0,0,0,0,0.296065,0.071,177.284,2.159053,21780,64,64,0.018499,0.018,0.019,0,2,64,64,0,0,0,0,0,0,1,1,7,1,0,1460,65160,24,14720,14600,0,880384,24,13056,258,969,349,0,8543,0,26,6418,0,1,1,7,1,11583,1460,0,0,2293632,14480,0,0,0,0,0,0,0,0,0,0,0,0,0,0,0,1465,0,0,0,0,0
17,0,16,9,452,6,452,0,0,0,1,1,17,0,17,5,2944,10,2944,0,0,0,1,1,11677.152,3.164,3.082,11672.547,11675.345,0.553,3.082,1,1,0,0,0,0,0,10.547243,0.4,40.273,18.26278,8,64,64,7.339297,0.014,40.115,16.052917,11,64,64,0,0,0,0,0,0,1,1,7,1,0,1460,164,16,20480,14600,0,164,16,164,0,0,0,0,0,0,0,0,0,1,1,7,1,0,1460,1448,16,15616,14480,0,1480,16,64,0,0,0,0,0,0,0,0,0,0,0,6,9,0,0,0,0
17,0,16,9,452,6,452,0,0,0,1,1,17,0,17,5,2944,10,2944,0,0,0,1,1,12869.709,3.097,3.006,12865.13,12868.319,0.492,3.006,1,1,0,0,0,0,0,10.478244,0.414,40.789,18.365154,8,64,64,7.350115,0.015,39.804,15.933319,11,64,64,0,0,0,0,0,0,1,1,7,1,0,1460,164,16,20480,14600,0,164,16,164,0,0,0,0,0,0,0,0,0,1,1,7,1,0,1460,1448,16,15616,14480,0,1480,16,64,0,0,0,0,0,0,0,0,0,0,0,6,9,0,0,0,0
19792,0,19791,2,166008848,19789,171608264,3867,5599416,1680,1,1,17170,0,17170,17168,0,0,0,0,0,0,1,1,15227.706,0.607,0,15216.988,0,0.535,0.957,1,1,0,0,0,0,0,0.329646,0.078,104.613,2.475031,6650,64,64,0.038498,0.036,0.041,0,2,64,64,0,0,0,0,0,0,1,1,7,1,0,1460,65160,24,14720,14600,0,935408,24,13056,422,117,100,0,2759,0,13,2136,0,1,1,7,1,3008,1460,0,0,2403712,14480,0,0,0,0,0,0,0,0,0,0,0,0,0,0,0,557,0,0,0,0,0
76987,0,76986,2,553230446,76984,576381072,15989,23150626,3216,1,1,61799,0,61799,61797,0,0,0,0,0,0,1,1,54026.385,1.634,0,54017.671,0,1.583,2.017,1,1,0,0,0,0,0,0.274671,0.078,40.619,1.284222,24417,64,64,0.014499,0.012,0.017,0,2,64,64,0,0,0,0,0,0,1,1,7,1,0,1460,65160,24,14720,14600,0,984640,24,13056,347,1259,305,0,9445,0,39,7810,0,1,1,7,1,13780,1460,0,0,2441344,14480,0,0,0,0,0,0,0,0,0,0,0,0,0,0,0,1565,0,0,0,0,0
17,0,16,9,452,6,452,0,0,0,1,1,17,0,17,5,2944,10,2944,0,0,0,1,1,12258.927,2.916,2.727,12255.492,12257.799,0.427,2.727,1,1,0,0,0,0,0,10.405995,0.386,40.511,18.305097,8,64,64,7.290479,0.012,39.681,15.894419,11,64,64,0,0,0,0,0,0,1,1,7,1,0,1460,164,16,20480,14600,0,164,16,164,0,0,0,0,0,0,0,0,0,1,1,7,1,0,1460,1448,16,15616,14480,0,1480,16,64,0,0,0,0,0,0,0,0,0,0,0,6,9,0,0,0,0
50423,0,50422,2,443623328,50419,461410560,12284,17787232,3928,1,1,48980,0,48980,48978,0,0,0,0,0,0,1,1,35113.463,0.744,0,35098.942,0,0.694,1.119,1,1,0,0,0,0,0,0.343051,0.072,163.88,2.651942,13551,64,64,0.018999,0.012,0.026,0,2,64,64,0,0,0,0,0,0,1,1,7,1,0,1460,65160,24,14720,14600,0,962920,24,13056,302,488,614,0,6840,0,20,7948,0,1,1,7,1,10538,1460,0,0,2531200,14480,0,0,0,0,0,0,0,0,0,0,0,0,0,0,0,1066,0,0,0,0,0
17,0,16,9,452,6,452,0,0,0,1,1,17,0,17,5,2944,10,2944,0,0,0,1,1,13909.839,2.883,2.719,13905.776,13908.45,0.585,2.719,1,1,0,0,0,0,0,10.334621,0.352,40.399,18.235919,8,64,64,7.32257,0.004,40.031,15.978478,11,64,64,0,0,0,0,0,0,1,1,7,1,0,1460,164,16,20480,14600,0,164,16,164,0,0,0,0,0,0,0,0,0,1,1,7,1,0,1460,1448,16,15616,14480,0,1480,16,64,0,0,0,0,0,0,0,0,0,0,0,6,9,0,0,0,0
55663,0,55662,2,454713664,55660,471682776,11719,16969112,3299,1,1,43932,0,43932,43930,0,0,0,0,0,0,1,1,39023.488,0.583,0,39018.375,0,0.52,1.047,1,1,0,0,0,0,0,0.309517,0.081,166.479,2.082348,17743,64,64,0.022999,0.02,0.026,0,2,64,64,0,0,0,0,0,0,1,1,7,1,0,1460,65160,24,14720,14600,0,2587576,24,13056,271,868,375,0,7241,0,26,6237,0,1,1,7,1,8280,1460,0,0,2508032,14480,0,0,0,0,0,0,0,0,0,0,0,0,0,0,0,1201,0,0,0,0,0
17,0,16,9,452,6,452,0,0,0,1,1,17,0,17,5,2944,10,2944,0,0,0,1,1,13132.098,2.857,2.742,13127.706,13130.859,0.343,2.742,1,1,0,0,0,0,0,10.412995,0.233,40.486,18.372754,8,64,64,7.33657,0.015,39.779,16.035859,11,64,64,0,0,0,0,0,0,1,1,7,1,0,1460,164,16,20480,14600,0,164,16,164,0,0,0,0,0,0,0,0,0,1,1,7,1,0,1460,1448,16,15616,14480,0,1480,16,64,0,0,0,0,0,0,0,0,0,0,0,6,9,0,0,0,0
78933,0,78932,1,456331704,78931,475015248,12903,18683544,3456,1,0,68482,0,68482,68481,0,0,0,0,0,0,1,0,40168.697,0.553,0,40168.697,0,0.512,0.94,1,1,0,0,0,0,0,0.222012,0.072,134.582,1.159032,33974,64,64,0.017998,0.018,0.018,0,1,64,64,0,0,0,0,0,0,1,1,7,1,0,1460,65160,24,14720,14600,0,1039664,24,13056,262,889,463,0,9387,0,33,5325,0,1,1,7,1,14179,1460,0,0,2392192,14480,0,0,0,0,0,0,0,0,0,0,0,0,0,0,0,1362,0,0,0,0,0
17,0,16,9,452,6,452,0,0,0,1,1,17,0,17,5,2944,10,2944,0,0,0,1,1,14328.572,3.132,3.019,14324.244,14327.314,0.512,3.019,1,1,0,0,0,0,0,10.352496,0.263,39.994,18.187739,8,64,64,7.378387,0.016,39.95,16.093614,11,64,64,0,0,0,0,0,0,1,1,7,1,0,1460,164,16,20480,14600,0,164,16,164,0,0,0,0,0,0,0,0,0,1,1,7,1,0,1460,1448,16,15616,14480,0,1480,16,64,0,0,0,0,0,0,0,0,0,0,0,6,9,0,0,0,0
17,0,16,9,452,6,452,0,0,0,1,1,17,0,17,5,2944,10,2944,0,0,0,1,1,12787.004,3.057,2.899,12784.48,12786.067,0.57,2.899,1,1,0,0,0,0,0,10.307871,0.181,40.225,18.359788,8,64,64,7.254116,0.011,39.367,15.810521,11,64,64,0,0,0,0,0,0,1,1,7,1,0,1460,164,16,20480,14600,0,164,16,164,0,0,0,0,0,0,0,0,0,1,1,7,1,0,1460,1448,16,15616,14480,0,1480,16,64,0,0,0,0,0,0,0,0,0,0,0,6,9,0,0,0,0
10919,0,10918,2,65861712,10916,68743232,1990,2881520,436,1,0,9450,0,9450,9448,0,0,0,0,0,0,1,1,7490.349,1.199,0,7489.037,0,0.537,1.629,1,1,0,0,0,0,0,0.289766,0.084,153.847,2.79713,4395,64,64,0.017499,0.01,0.025,0,2,64,64,0,0,0,0,0,0,1,1,7,1,0,1460,65160,24,14720,14600,0,447432,24,13056,56,275,196,0,983,0,7,909,0,1,1,7,1,2057,1460,0,0,1766656,14480,0,0,0,0,0,0,0,0,0,0,0,0,0,0,0,280,0,0,0,0,0
2246,0,2245,2,15702296,2243,16754992,727,1052696,23,1,1,1829,0,1829,1827,0,0,0,0,0,0,1,1,1258.862,2.773,0,1250.585,0,0.529,3.166,1,1,0,0,0,0,0,0.268903,0.116,1.07,0.119403,558,64,64,0.010999,0.01,0.012,0,2,64,64,0,0,0,0,0,0,1,1,7,1,0,1460,65160,24,14720,14600,0,306976,24,13056,18,20,13,0,394,0,1,304,0,1,1,7,1,422,1460,0,0,1555200,14480,0,0,0,0,0,0,0,0,0,0,0,0,0,0,0,92,0,0,0,0,0
25281,0,25280,2,233204936,25278,242234664,6236,9029728,2018,1,1,22175,0,22175,22173,0,0,0,0,0,0,1,1,21141.802,0.405,0,21134.604,0,0.351,0.761,1,1,0,0,0,0,0,0.345211,0.088,40.702,1.726455,6406,64,64,0.024999,0.014,0.036,0,2,64,64,0,0,0,0,0,0,1,1,7,1,0,1460,65160,24,14720,14600,0,4068880,24,13056,152,511,208,0,3554,0,20,3809,0,1,1,7,1,5157,1460,0,0,2114176,14480,0,0,0,0,0,0,0,0,0,0,0,0,0,0,0,964,0,0,0,0,0
82588,0,82587,2,775146672,82584,802603648,18962,27456976,7464,1,1,76160,0,76160,76158,0,0,0,0,0,0,1,1,55120.007,0.388,0,55110.523,0,0.324,0.585,1,1,0,0,0,0,0,0.311654,0.079,84.073,1.875017,25257,64,64,0.025499,0.017,0.034,0,2,64,64,0,0,0,0,0,0,1,1,7,1,0,1460,65160,8,14720,14600,0,538656,24,13056,436,1633,524,0,12815,0,31,10987,0,1,1,7,1,13436,1460,0,0,2661504,14480,0,0,0,0,0,0,0,0,0,0,0,0,0,0,0,1925,0,0,0,0,0
17,0,16,9,452,6,452,0,0,0,1,1,17,0,17,5,2944,10,2944,0,0,0,1,1,12555.067,3.157,3.045,12550.814,12553.957,0.485,3.045,1,1,0,0,0,0,0,10.228747,0.286,39.51,18.026383,8,64,64,7.265479,0.01,39.665,15.929178,11,64,64,0,0,0,0,0,0,1,1,7,1,0,1460,164,16,20480,14600,0,164,16,164,0,0,0,0,0,0,0,0,0,1,1,7,1,0,1460,1448,16,15616,14480,0,1480,16,64,0,0,0,0,0,0,0,0,0,0,0,6,9,0,0,0,0
17,0,16,9,452,6,452,0,0,0,1,1,17,0,17,5,2944,10,2944,0,0,0,1,1,13141.53,3.262,3.059,13137.728,13140.424,0.586,3.059,1,1,0,0,0,0,0,10.41912,0.495,40.459,18.276396,8,64,64,7.266207,0.005,39.53,15.873858,11,64,64,0,0,0,0,0,0,1,1,7,1,0,1460,164,16,20480,14600,0,164,16,164,0,0,0,0,0,0,0,0,0,1,1,7,1,0,1460,1448,16,15616,14480,0,1480,16,64,0,0,0,0,0,0,0,0,0,0,0,6,9,0,0,0,0
48175,0,48174,2,495743256,48172,513516008,12274,17772752,4651,1,1,46293,0,46293,46291,0,0,0,0,0,0,1,1,40489.445,1.534,0,40483.999,0,0.401,1.967,1,1,0,0,0,0,0,0.379063,0.084,85.874,2.136932,11810,64,64,0.019999,0.02,0.02,0,2,64,64,0,0,0,0,0,0,1,1,7,1,0,1460,65160,24,14720,14600,0,764544,24,13056,283,540,363,0,6945,0,39,8755,0,1,1,7,1,9196,1460,0,0,2464512,14480,0,0,0,0,0,0,0,0,0,0,0,0,0,0,0,1340,0,0,0,0,0
17,0,16,9,452,6,452,0,0,0,1,1,17,0,17,5,2944,10,2944,0,0,0,1,1,13296.044,2.863,2.733,13293.624,13294.82,0.591,2.733,1,1,0,0,0,0,0,10.308871,0.115,40.719,18.318352,8,64,64,7.33357,0.006,39.577,15.937441,11,64,64,0,0,0,0,0,0,1,1,7,1,0,1460,164,16,20480,14600,0,164,16,164,0,0,0,0,0,0,0,0,0,1,1,7,1,0,1460,1448,16,15616,14480,0,1480,16,64,0,0,0,0,0,0,0,0,0,0,0,6,9,0,0,0,0
5269,0,5268,2,37557520,5266,39707800,1485,2150280,334,1,1,5523,0,5523,5521,0,0,0,0,0,0,1,1,3218.835,1.265,0,3215.525,0,0.524,1.635,1,1,0,0,0,0,0,0.271159,0.075,40.289,1.71984,1620,64,64,0.020499,0.012,0.029,0,2,64,64,0,0,0,0,0,0,1,1,7,1,0,1460,65160,24,14720,14600,0,456120,24,13056,24,91,163,0,1123,0,1,417,0,1,1,7,1,1282,1460,0,0,1977984,14480,0,0,0,0,0,0,0,0,0,0,0,0,0,0,0,150,0,0,0,0,0
17,0,16,9,452,6,452,0,0,0,1,1,17,0,17,5,2944,10,2944,0,0,0,1,1,13950.094,2.777,2.721,13946.044,13948.191,0.774,2.721,1,1,0,0,0,0,0,10.575243,0.283,40.677,18.490777,8,64,64,7.250389,0.008,39.613,15.863067,11,64,64,0,0,0,0,0,0,1,1,7,1,0,1460,164,16,20480,14600,0,164,16,164,0,0,0,0,0,0,0,0,0,1,1,7,1,0,1460,1448,16,15616,14480,0,1480,16,64,0,0,0,0,0,0,0,0,0,0,0,6,9,0,0,0,0
83493,0,83492,2,525435792,83489,548676192,16050,23240400,3346,1,1,73752,0,73752,73750,0,0,0,0,0,0,1,1,46126.433,1.43,0,46115.267,0,0.523,1.852,1,1,0,0,0,0,0,0.233947,0.068,164.411,1.346859,32003,64,64,0.032498,0.029,0.036,0,2,64,64,0,0,0,0,0,0,1,1,7,1,0,1460,65160,24,14720,14600,0,923824,24,13056,375,879,378,0,10241,0,39,7484,0,1,1,7,1,16529,1460,0,0,2212608,14480,0,0,0,0,0,0,0,0,0,0,0,0,0,0,0,1532,0,0,0,0,0
17,0,16,9,452,6,452,0,0,0,1,1,16,0,16,4,2944,10,2944,0,0,0,1,1,12521.92,2.301,2.244,12518.84,12520.744,0.152,2.244,1,1,0,0,0,0,0,10.438495,0.142,40.231,18.330249,8,64,64,7.361024,0.01,39.865,16.059698,11,64,64,0,0,0,0,0,0,1,1,7,1,0,1460,164,16,20480,14600,0,164,16,164,0,0,0,0,0,0,0,0,0,1,1,7,1,0,1460,1448,16,15616,14480,0,1480,16,64,0,0,0,0,0,0,0,0,0,0,0,6,9,0,0,0,0
74304,0,74303,2,585049976,74300,606878576,15075,21828600,4902,1,1,61705,0,61705,61703,0,0,0,0,0,0,1,1,56385.431,0.445,0,56374.167,0,0.382,0.677,1,1,0,0,0,0,0,0.301229,0.074,40.746,1.621953,23783,64,64,0.021499,0.019,0.024,0,2,64,64,0,0,0,0,0,0,1,1,7,1,0,1460,65160,24,14720,14600,0,1267000,24,13056,369,750,354,0,9611,0,38,8855,0,1,1,7,1,11776,1460,0,0,2282112,14480,0,0,0,0,0,0,0,0,0,0,0,0,0,0,0,1768,0,0,0,0,0
15,0,14,8,452,6,452,0,0,0,1,0,16,0,16,5,2944,10,2944,0,0,0,1,0,12756.378,3.067,2.886,12754.539,12756.378,0.571,2.886,1,1,0,0,0,0,0,11.578406,0.297,39.504,18.971878,7,64,64,8.825457,0.005,39.441,17.350628,9,64,64,0,0,0,0,0,0,1,1,7,1,0,1460,164,16,17536,14600,0,164,16,164,0,0,0,0,0,0,0,0,0,1,1,7,1,0,1460,1448,16,15616,14480,0,1480,16,64,0,0,0,0,0,0,0,0,0,0,0,6,9,0,0,0,0
17,0,16,9,452,6,452,0,0,0,1,1,17,0,17,5,2944,10,2944,0,0,0,1,1,13937.697,3.003,2.901,13934.486,13936.645,0.419,2.901,1,1,0,0,0,0,0,10.436495,0.397,40.33,18.311142,8,64,64,7.243389,0.012,39.475,15.858988,11,64,64,0,0,0,0,0,0,1,1,7,1,0,1460,164,16,20480,14600,0,164,16,164,0,0,0,0,0,0,0,0,0,1,1,7,1,0,1460,1448,16,15616,14480,0,1480,16,64,0,0,0,0,0,0,0,0,0,0,0,6,9,0,0,0,0
76363,0,76362,2,488482440,76360,509407488,14451,20925048,3734,1,1,68537,0,68537,68535,0,0,0,0,0,0,1,1,44139.604,2.266,0,44130.608,0,0.217,2.494,1,1,0,0,0,0,0,0.24689,0.066,201.417,1.700636,29913,64,64,0.015499,0.014,0.017,0,2,64,64,0,0,0,0,0,0,1,1,7,1,0,1460,65160,24,14720,14600,0,1000568,24,13056,328,1044,331,0,10116,0,29,6337,0,1,1,7,1,13195,1460,0,0,2172032,14480,0,0,0,0,0,0,0,0,0,0,0,0,0,0,0,1372,0,0,0,0,0
17,0,16,9,452,6,452,0,0,0,1,1,17,0,17,5,2944,10,2944,0,0,0,1,1,13288.589,3.076,2.841,13284.616,13287.624,0.612,2.841,1,1,0,0,0,0,0,10.701116,0.282,42.498,18.887236,8,64,64,7.356479,0.017,40.005,16.124712,11,64,64,0,0,0,0,0,0,1,1,7,1,0,1460,164,16,20480,14600,0,164,16,164,0,0,0,0,0,0,0,0,0,1,1,7,1,0,1460,1448,16,15616,14480,0,1480,16,64,0,0,0,0,0,0,0,0,0,0,0,6,9,0,0,0,0
12794,0,12793,2,134691136,12790,139847464,3561,5156328,1496,1,1,12608,0,12608,12606,0,0,0,0,0,0,1,1,11203.774,0.653,0,11197.73,0,0.428,1.111,1,1,0,0,0,0,0,0.368029,0.077,40.071,1.932565,2972,64,64,0.016999,0.012,0.022,0,2,64,64,0,0,0,0,0,0,1,1,7,1,0,1460,65160,24,14720,14600,0,456120,24,13056,72,268,60,0,2139,0,5,2513,0,1,1,7,1,2502,1460,0,0,2085120,14480,0,0,0,0,0,0,0,0,0,0,0,0,0,0,0,380,0,0,0,0,0
16,0,15,8,452,6,452,0,0,0,1,1,16,0,16,5,2928,9,2928,0,0,0,1,1,13886.143,2.976,2.795,13882.701,13884.907,0.407,2.795,1,1,0,0,0,0,0,10.447494,0.368,40.278,18.403509,8,64,64,8.063119,0.013,40.029,16.649097,10,64,64,0,0,0,0,0,0,1,1,7,1,0,1460,164,16,20480,14600,0,164,16,164,0,0,0,0,0,0,0,0,0,1,1,7,1,0,1460,1448,16,15616,14480,0,1480,16,64,0,0,0,0,0,0,0,0,0,0,0,6,8,0,0,0,0
50111,0,50110,2,417560008,50107,433957160,11324,16397152,3276,1,1,47244,0,47244,47242,0,0,0,0,0,0,1,1,40155.324,1.089,0,40149.807,0,0.367,1.378,1,1,0,0,0,0,0,0.297815,0.065,40.762,1.69307,15196,64,64,0.017999,0.016,0.02,0,2,64,64,0,0,0,0,0,0,1,1,7,1,0,1460,65160,24,14720,14600,0,973056,24,13056,266,571,213,0,7430,0,32,6088,0,1,1,7,1,8817,1460,0,0,2056192,14480,0,0,0,0,0,0,0,0,0,0,0,0,0,0,0,1210,0,0,0,0,0
17,0,16,9,452,6,452,0,0,0,1,1,17,0,17,5,2944,10,2944,0,0,0,1,1,13062.526,2.805,2.727,13058.291,13061.235,0.566,2.727,1,1,0,0,0,0,0,10.435745,0.415,40.136,18.269848,8,64,64,7.280934,0.018,39.547,15.924918,11,64,64,0,0,0,0,0,0,1,1,7,1,0,1460,164,16,20480,14600,0,164,16,164,0,0,0,0,0,0,0,0,0,1,1,7,1,0,1460,1448,16,15616,14480,0,1480,16,64,0,0,0,0,0,0,0,0,0,0,0,6,9,0,0,0,0
17,0,16,9,452,6,452,0,0,0,1,1,17,0,17,5,2944,10,2944,0,0,0,1,1,12117.663,2.889,2.545,12114.518,12116.395,0.442,2.545,1,1,0,0,0,0,0,10.294496,0.314,39.754,18.13334,8,64,64,7.23148,0.018,39.231,15.734044,11,64,64,0,0,0,0,0,0,1,1,7,1,0,1460,164,16,20480,14600,0,164,16,164,0,0,0,0,0,0,0,0,0,1,1,7,1,0,1460,1448,16,15616,14480,0,1480,16,64,0,0,0,0,0,0,0,0,0,0,0,6,9,0,0,0,0
33337,0,33336,2,469496813,33334,483853736,9916,14356923,5314,1,1,40822,0,40822,40820,0,0,0,0,0,0,1,1,27098.089,0.622,0,27096.447,0,0.526,1.04,1,1,0,0,0,0,0,0.460071,0.078,40.583,2.738318,6609,64,64,0.012999,0.009,0.017,0,2,64,64,0,0,0,0,0,0,1,1,7,1,0,1460,65160,24,14720,14600,0,657392,24,13056,223,660,176,0,4547,0,5,9619,0,1,1,7,1,6330,1460,0,0,2348672,14480,0,0,0,0,0,0,0,0,0,0,0,0,0,0,0,644,0,0,0,0,0
71974,0,71973,2,515641382,71971,537498944,15096,21857562,3957,1,0,62449,0,62449,62447,0,0,0,0,0,0,1,1,54260.73,1.243,0,54253.1,0,0.198,1.454,1,1,0,0,0,0,0,0.29747,0.072,60.333,1.489488,22741,64,64,0.011999,0.011,0.013,0,2,64,64,0,0,0,0,0,0,1,1,7,1,0,1460,65160,24,14720,14600,0,1094688,24,13056,493,865,612,0,9687,0,40,7356,0,1,1,7,1,13921,1460,0,0,2374784,14480,0,0,0,0,0,0,0,0,0,0,0,0,0,0,0,1666,0,0,0,0,0
17,0,16,9,452,6,452,0,0,0,1,1,17,0,17,5,2944,10,2944,0,0,0,1,1,11794.137,2.647,2.576,11790.004,11792.929,0.529,2.576,1,1,0,0,0,0,0,10.345496,0.431,39.645,18.051526,8,64,64,7.379206,0.006,39.902,16.049253,11,64,64,0,0,0,0,0,0,1,1,7,1,0,1460,164,16,20480,14600,0,164,16,164,0,0,0,0,0,0,0,0,0,1,1,7,1,0,1460,1448,16,15616,14480,0,1480,16,64,0,0,0,0,0,0,0,0,0,0,0,6,9,0,0,0,0
17,0,16,9,452,6,452,0,0,0,1,1,17,0,17,5,2944,10,2944,0,0,0,1,1,15655.983,2.412,2.276,15652.361,15654.883,0.431,2.276,1,1,0,0,0,0,0,10.277497,0.32,39.967,18.176252,8,64,64,7.25257,0.01,39.287,15.825152,11,64,64,0,0,0,0,0,0,1,1,7,1,0,1460,164,16,20480,14600,0,164,16,164,0,0,0,0,0,0,0,0,0,1,1,7,1,0,1460,1448,16,15616,14480,0,1480,16,64,0,0,0,0,0,0,0,0,0,0,0,6,9,0,0,0,0
23229,0,23228,2,179352520,23226,185664352,4359,6311832,1661,1,1,18706,0,18706,18704,0,0,0,0,0,0,1,1,14320.418,0.377,0,14311.806,0,0.331,0.631,1,1,0,0,0,0,0,0.305218,0.082,40.43,1.61322,7370,64,64,0.020499,0.012,0.029,0,2,64,64,0,0,0,0,0,0,1,1,7,1,0,1460,65160,24,14720,14600,0,761648,24,13056,95,264,186,0,3310,0,13,2152,0,1,1,7,1,3584,1460,0,0,2230016,14480,0,0,0,0,0,0,0,0,0,0,0,0,0,0,0,747,0,0,0,0,0
17,0,16,9,452,6,452,0,0,0,1,1,17,0,17,5,2944,10,2944,0,0,0,1,1,12554.951,2.872,2.738,12551.515,12553.983,0.604,2.738,1,1,0,0,0,0,0,10.413995,0.525,40.431,18.188858,8,64,64,7.251389,0.015,39.626,15.919607,11,64,64,0,0,0,0,0,0,1,1,7,1,0,1460,164,16,20480,14600,0,164,16,164,0,0,0,0,0,0,0,0,0,1,1,7,1,0,1460,1448,16,15616,14480,0,1480,16,64,0,0,0,0,0,0,0,0,0,0,0,6,9,0,0,0,0
58365,0,58364,2,702086438,58362,723702184,14929,21615746,6002,1,1,55641,0,55641,55639,0,0,0,0,0,0,1,1,45306.116,1.276,0,45299.115,0,0.548,1.66,1,1,0,0,0,0,0,0.380731,0.068,40.777,2.110713,13612,64,64,0.012999,0.012,0.014,0,2,64,64,0,0,0,0,0,0,1,1,7,1,0,1460,65160,24,14720,14600,0,858664,24,13056,430,767,389,0,8946,0,15,10385,0,1,1,7,1,9242,1460,0,0,2406656,14480,0,0,0,0,0,0,0,0,0,0,0,0,0,0,0,1938,0,0,0,0,0
17,0,16,9,452,6,452,0,0,0,1,1,17,0,17,5,2944,10,2944,0,0,0,1,1,13468.14,2.093,1.985,13463.936,13466.644,0.203,1.985,1,1,0,0,0,0,0,10.306996,0.179,39.795,18.180663,8,64,64,7.334661,0.019,39.99,16.002388,11,64,64,0,0,0,0,0,0,1,1,7,1,0,1460,164,16,20480,14600,0,164,16,164,0,0,0,0,0,0,0,0,0,1,1,7,1,0,1460,1448,16,15616,14480,0,1480,16,64,0,0,0,0,0,0,0,0,0,0,0,6,9,0,0,0,0
26108,0,26107,2,247506720,26105,257044696,6587,9537976,1600,1,0,21395,0,21395,21393,0,0,0,0,0,0,1,1,22403.407,0.219,0,22394.65,0,0.182,0.4,1,1,0,0,0,0,0,0.386303,0.086,97.932,2.791872,6946,64,64,0.021499,0.016,0.027,0,2,64,64,0,0,0,0,0,0,1,1,7,1,0,1460,65160,24,14720,14600,0,386616,24,13056,150,489,177,0,3285,0,16,4070,0,1,1,7,1,4162,1460,0,0,2007040,14480,0,0,0,0,0,0,0,0,0,0,0,0,0,0,0,772,0,0,0,0,0
46342,0,46341,2,368443814,46339,383611616,10476,15167802,2761,1,1,36649,0,36649,36647,0,0,0,0,0,0,1,1,35014.809,1.891,0,35007.093,0,0.514,2.345,1,1,0,0,0,0,0,0.343199,0.016,128.087,2.028287,12600,64,64,0.015999,0.012,0.02,0,2,64,64,0,0,0,0,0,0,1,1,7,1,0,1460,65160,24,14720,14600,0,1599488,24,13056,192,930,241,0,6703,0,25,5146,0,1,1,7,1,8364,1460,0,0,2386432,14480,0,0,0,0,0,0,0,0,0,0,0,0,0,0,0,1123,0,0,0,0,0
17,0,16,9,452,6,452,0,0,0,1,1,17,0,17,5,2944,10,2944,0,0,0,1,1,15171.204,2.853,2.783,15168.117,15169.92,0.567,2.783,1,1,0,0,0,0,0,10.122123,0.285,39.542,18.072745,8,64,64,7.267388,0.019,39.236,15.800191,11,64,64,0,0,0,0,0,0,1,1,7,1,0,1460,164,16,20480,14600,0,164,16,164,0,0,0,0,0,0,0,0,0,1,1,7,1,0,1460,1448,16,15616,14480,0,1480,16,64,0,0,0,0,0,0,0,0,0,0,0,6,9,0,0,0,0
16,0,15,9,356,5,356,0,0,0,1,1,16,0,16,4,2944,10,2944,0,0,0,1,1,10777.912,2.64,2.558,10735.386,10776.885,0.496,2.558,1,1,0,0,0,0,0,11.716118,0.226,40.235,19.296485,7,64,64,7.284297,0.01,39.465,15.839084,11,64,64,0,0,0,0,0,0,1,1,7,1,0,1460,164,16,20480,14600,0,164,16,164,0,0,0,0,0,0,0,0,0,1,1,7,1,0,1460,1448,16,15616,14480,0,1480,16,64,0,0,0,0,0,0,0,0,0,0,0,6,9,0,0,0,0
18902,0,18901,2,149453888,18899,156376776,4781,6922888,702,1,1,16743,0,16743,16741,0,0,0,0,0,0,1,1,15300.266,1.091,0,15290.03,0,0.372,1.259,1,1,0,0,0,0,0,0.325866,0.075,40.788,1.757321,5381,64,64,0.017999,0.013,0.023,0,2,64,64,0,0,0,0,0,0,1,1,7,1,0,1460,65160,24,14720,14600,0,654496,24,13056,112,198,157,0,2599,0,12,2405,0,1,1,7,1,3612,1460,0,0,1775360,14480,0,0,0,0,0,0,0,0,0,0,0,0,0,0,0,472,0,0,0,0,0
16,0,15,8,452,6,452,0,0,0,1,1,16,0,16,5,2944,10,2944,0,0,0,1,0,13672.782,2.674,2.536,13669.543,13671.776,0.561,2.536,1,1,0,0,0,0,0,11.875116,0.348,40.34,19.32864,7,64,64,8.066019,0.035,39.623,16.562905,10,64,64,0,0,0,0,0,0,1,1,7,1,0,1460,164,16,20480,14600,0,164,16,164,0,0,0,0,0,0,0,0,0,1,1,7,1,0,1460,1448,16,15616,14480,0,1480,16,64,0,0,0,0,0,0,0,0,0,0,0,6,9,0,0,0,0
77906,0,77905,2,510962632,77903,532385792,14795,21423160,4169,1,1,64910,0,64910,64908,0,0,0,0,0,0,1,1,46112.901,0.639,0,46109.756,0,0.207,0.905,1,1,0,0,0,0,0,0.25737,0.023,184.961,1.750102,26430,64,64,0.012999,0.012,0.014,0,2,64,64,0,0,0,0,0,0,1,1,7,1,0,1460,65160,24,14720,14600,0,1007808,24,13056,302,941,592,0,11106,0,40,5983,0,1,1,7,1,13829,1460,0,0,2325504,14480,0,0,0,0,0,0,0,0,0,0,0,0,0,0,0,1415,0,0,0,0,0
22730,0,22729,2,187218248,22727,195347016,5614,8128768,1042,1,1,17957,0,17957,17955,0,0,0,0,0,0,1,1,20050.185,0.667,0,20045.118,0,0.608,1.112,1,1,0,0,0,0,0,0.349195,0.081,40.837,1.635063,6256,64,64,0.030998,0.025,0.037,0,2,64,64,0,0,0,0,0,0,1,1,7,1,0,1460,65160,24,14720,14600,0,527072,24,13056,135,533,33,0,2823,0,15,3117,0,1,1,7,1,3666,1460,0,0,2030208,14480,0,0,0,0,0,0,0,0,0,0,0,0,0,0,0,825,0,0,0,0,0
17,0,16,9,452,6,452,0,0,0,1,1,17,0,17,5,2944,10,2944,0,0,0,1,1,14383.326,2.545,2.471,14380.152,14382.038,0.326,2.471,1,1,0,0,0,0,0,10.362995,0.273,40.352,18.443572,8,64,64,7.307934,0.016,40.017,15.851966,11,64,64,0,0,0,0,0,0,1,1,7,1,0,1460,164,16,20480,14600,0,164,16,164,0,0,0,0,0,0,0,0,0,1,1,7,1,0,1460,1448,16,15616,14480,0,1480,16,64,0,0,0,0,0,0,0,0,0,0,0,6,9,0,0,0,0
17,0,16,9,452,6,452,0,0,0,1,1,17,0,17,5,2944,10,2944,0,0,0,1,1,12600.096,2.495,2.395,12595.833,12598.926,0.53,2.395,1,1,0,0,0,0,0,10.40562,0.398,39.946,18.213979,8,64,64,7.292843,0.015,39.523,15.922126,11,64,64,0,0,0,0,0,0,1,1,7,1,0,1460,164,16,20480,14600,0,164,16,164,0,0,0,0,0,0,0,0,0,1,1,7,1,0,1460,1448,16,15616,14480,0,1480,16,64,0,0,0,0,0,0,0,0,0,0,0,6,9,0,0,0,0
5937,0,5936,2,39566648,5934,41226056,1146,1659408,362,1,1,5209,0,5209,5207,0,0,0,0,0,0,1,1,3358.002,2.58,0,3351.49,0,0.475,2.951,1,1,0,0,0,0,0,0.218485,0.091,40.202,0.8654,2223,64,64,0.015999,0.012,0.02,0,2,64,64,0,0,0,0,0,0,1,1,7,1,0,1460,65160,24,14720,14600,0,521280,24,13056,25,68,5,0,936,0,0,474,0,1,1,7,1,1066,1460,0,0,2441344,14480,0,0,0,0,0,0,0,0,0,0,0,0,0,0,0,137,0,0,0,0,0
75195,0,75194,2,476542992,75192,497488312,14465,20945320,2513,1,1,61821,0,61821,61819,0,0,0,0,0,0,1,1,45173.43,0.422,0,45170.328,0,0.248,0.581,1,1,0,0,0,0,0,0.219364,0.072,45.289,1.010051,29265,64,64,0.021999,0.019,0.025,0,2,64,64,0,0,0,0,0,0,1,1,7,1,0,1460,65160,24,14720,14600,0,784816,24,13056,347,788,151,0,8858,0,46,6788,0,1,1,7,1,11595,1460,0,0,2085120,14480,0,0,0,0,0,0,0,0,0,0,0,0,0,0,0,1432,0,0,0,0,0
65606,0,65605,2,504751232,65602,525156448,14092,20405216,2902,1,1,54070,0,54070,54068,0,0,0,0,0,0,1,1,40046.705,1.587,0,40038.572,0,0.385,1.824,1,1,0,0,0,0,0,0.260451,0.078,45.261,1.187935,22406,64,64,0.010999,0.01,0.012,0,2,64,64,0,0,0,0,0,0,1,1,7,1,0,1460,65160,24,14720,14600,0,677664,24,13056,309,777,292,0,8366,0,282,6968,0,1,1,7,1,10459,1460,0,0,2174976,14480,0,0,0,0,0,0,0,0,0,0,0,0,0,0,0,1675,0,0,0,0,0
17,0,16,9,452,6,452,0,0,0,1,1,17,0,17,5,2944,10,2944,0,0,0,1,1,13525.092,2.947,2.852,13521.046,13523.806,0.511,2.852,1,1,0,0,0,0,0,10.620242,0.49,40.993,18.438275,8,64,64,7.301661,0.016,39.784,15.962697,11,64,64,0,0,0,0,0,0,1,1,7,1,0,1460,164,16,20480,14600,0,164,16,164,0,0,0,0,0,0,0,0,0,1,1,7,1,0,1460,1448,16,15616,14480,0,1480,16,64,0,0,0,0,0,0,0,0,0,0,0,6,9,0,0,0,0
17,0,16,9,452,6,452,0,0,0,1,1,17,0,17,5,2944,10,2944,0,0,0,1,1,12866.316,2.599,2.525,12862.162,12864.773,0.517,2.525,1,1,0,0,0,0,0,10.490119,0.441,40.428,18.323521,8,64,64,7.280752,0.019,39.603,15.863727,11,64,64,0,0,0,0,0,0,1,1,7,1,0,1460,164,16,20480,14600,0,164,16,164,0,0,0,0,0,0,0,0,0,1,1,7,1,0,1460,1448,16,15616,14480,0,1480,16,64,0,0,0,0,0,0,0,0,0,0,0,6,9,0,0,0,0
17,0,16,9,452,6,452,0,0,0,1,1,17,0,17,5,2944,10,2944,0,0,0,1,1,15263.092,2.856,2.764,15260.333,15262.016,0.559,2.764,1,1,0,0,0,0,0,10.368745,0.183,40.244,18.380227,8,64,64,7.328206,0.012,39.683,15.989531,11,64,64,0,0,0,0,0,0,1,1,7,1,0,1460,164,16,20480,14600,0,164,16,164,0,0,0,0,0,0,0,0,0,1,1,7,1,0,1460,1448,16,15616,14480,0,1480,16,64,0,0,0,0,0,0,0,0,0,0,0,6,9,0,0,0,0
31759,0,31758,2,397780792,31755,409571856,8143,11791064,4838,1,1,37092,0,37092,37090,0,0,0,0,0,0,1,1,23142.52,0.675,0,23137.33,0,0.606,0.89,1,1,0,0,0,0,0,0.42276,0.071,40.42,2.527989,7987,64,64,0.026499,0.019,0.034,0,2,64,64,0,0,0,0,0,0,1,1,7,1,0,1460,65160,24,14720,14600,0,739928,24,13056,343,398,45,0,5241,0,3,6951,0,1,1,7,1,6595,1460,0,0,2551424,14480,0,0,0,0,0,0,0,0,0,0,0,0,0,0,0,1101,0,0,0,0,0
17,0,16,9,452,6,452,0,0,0,1,1,17,0,17,5,2944,10,2944,0,0,0,1,1,12995.867,2.838,2.721,12992.321,12994.714,0.443,2.721,1,1,0,0,0,0,0,10.468369,0.419,40.645,18.237887,8,64,64,7.300388,0.013,39.902,15.997725,11,64,64,0,0,0,0,0,0,1,1,7,1,0,1460,164,16,20480,14600,0,164,16,164,0,0,0,0,0,0,0,0,0,1,1,7,1,0,1460,1448,16,15616,14480,0,1480,16,64,0,0,0,0,0,0,0,0,0,0,0,6,9,0,0,0,0
17,0,16,9,452,6,452,0,0,0,1,1,17,0,17,5,2944,10,2944,0,0,0,1,1,14087.974,2.946,2.82,14081.635,14085.372,0.621,2.82,1,1,0,0,0,0,0,10.443869,0.447,39.976,18.164339,8,64,64,7.365024,0.018,39.304,15.764361,11,64,64,0,0,0,0,0,0,1,1,7,1,0,1460,164,16,20480,14600,0,164,16,164,0,0,0,0,0,0,0,0,0,1,1,7,1,0,1460,1448,16,15616,14480,0,1480,16,64,0,0,0,0,0,0,0,0,0,0,0,6,9,0,0,0,0
17,0,16,9,452,6,452,0,0,0,1,1,17,0,17,5,2944,10,2944,0,0,0,1,1,13559.864,2.686,2.546,13556.014,13558.602,0.587,2.546,1,1,0,0,0,0,0,10.37662,0.232,40.469,18.382731,8,64,64,7.362479,0.014,39.804,16.018373,11,64,64,0,0,0,0,0,0,1,1,7,1,0,1460,164,16,20480,14600,0,164,16,164,0,0,0,0,0,0,0,0,0,1,1,7,1,0,1460,1448,16,15616,14480,0,1480,16,64,0,0,0,0,0,0,0,0,0,0,0,6,9,0,0,0,0
3112,0,3111,2,34305664,3109,35627688,913,1322024,199,1,1,2317,0,2317,2315,0,0,0,0,0,0,1,1,3235.61,2.74,0,3229.802,0,0.313,3.191,1,1,0,0,0,0,0,0.491028,0.121,40.05,2.696679,643,64,64,0.014499,0.014,0.015,0,2,64,64,0,0,0,0,0,0,1,1,7,1,0,1460,65160,24,14720,14600,0,262088,24,13056,27,31,0,0,473,0,2,579,0,1,1,7,1,391,1460,0,0,1726080,14480,0,0,0,0,0,0,0,0,0,0,0,0,0,0,0,173,0,0,0,0,0
53137,0,53136,2,497231768,53134,514819176,12146,17587408,3838,1,1,45416,0,45416,45414,0,0,0,0,0,0,1,1,39226.799,1.555,0,39223.931,0,0.505,1.984,1,1,0,0,0,0,0,0.319594,0.076,41.5,1.678382,15537,64,64,0.022499,0.02,0.025,0,2,64,64,0,0,0,0,0,0,1,1,7,1,0,1460,65160,24,14720,14600,0,885824,24,13056,267,621,366,0,8175,0,29,6526,0,1,1,7,1,8587,1460,0,0,2604928,14480,0,0,0,0,0,0,0,0,0,0,0,0,0,0,0,1303,0,0,0,0,0
77310,0,77309,2,688419360,77307,714324080,17890,25904720,6339,1,1,74814,0,74814,74812,0,0,0,0,0,0,1,1,45140.283,0.575,0,45137.646,0,0.336,0.87,1,1,0,0,0,0,0,0.280638,0.07,42.015,1.627457,24793,64,64,0.020999,0.018,0.024,0,2,64,64,0,0,0,0,0,0,1,1,7,1,0,1460,65160,16,14720,14600,0,5463304,24,13056,312,1271,98,0,11395,0,17,11136,0,1,1,7,1,13757,1460,0,0,2308224,14480,0,0,0,0,0,0,0,0,0,0,0,0,0,0,0,1964,0,0,0,0,0
17,0,16,9,452,6,452,0,0,0,1,1,17,0,17,5,2944,10,2944,0,0,0,1,1,13008.208,2.904,2.794,13003.575,13006.755,0.547,2.794,1,1,0,0,0,0,0,10.553118,0.363,40.531,18.35317,8,64,64,7.219207,0.013,39.19,15.721605,11,64,64,0,0,0,0,0,0,1,1,7,1,0,1460,164,16,20480,14600,0,164,16,164,0,0,0,0,0,0,0,0,0,1,1,7,1,0,1460,1448,16,15616,14480,0,1480,16,64,0,0,0,0,0,0,0,0,0,0,0,6,9,0,0,0,0
17,0,16,9,452,6,452,0,0,0,1,1,17,0,17,5,2944,10,2944,0,0,0,1,1,13733.521,3.004,2.831,13729.407,13732.113,0.581,2.831,1,1,0,0,0,0,0,10.556243,0.487,40.624,18.379356,8,64,64,7.324024,0.026,39.899,15.912353,11,64,64,0,0,0,0,0,0,1,1,7,1,0,1460,164,16,20480,14600,0,164,16,164,0,0,0,0,0,0,0,0,0,1,1,7,1,0,1460,1448,16,15616,14480,0,1480,16,64,0,0,0,0,0,0,0,0,0,0,0,6,9,0,0,0,0
13415,0,13414,2,123807720,13412,127280024,2398,3472304,1093,1,1,11586,0,11586,11584,0,0,0,0,0,0,1,1,10021.535,1.336,0,10016.064,0,0.486,1.753,1,1,0,0,0,0,0,0.341409,0.094,40.457,1.811825,3916,64,64,0.015999,0.013,0.019,0,2,64,64,0,0,0,0,0,0,1,1,7,1,0,1460,65160,24,14720,14600,0,472048,24,13056,69,55,54,0,1453,0,3,1857,0,1,1,7,1,1649,1460,0,0,2380544,14480,0,0,0,0,0,0,0,0,0,0,0,0,0,0,0,442,0,0,0,0,0
28182,0,28181,2,172012976,28179,181369952,6462,9356976,1177,1,0,28086,0,28086,28084,0,0,0,0,0,0,1,1,18237.03,1.607,0,18232.764,0,0.308,1.96,1,1,0,0,0,0,0,0.243737,0.071,40.798,1.309904,8375,64,64,0.023999,0.009,0.039,0,2,64,64,0,0,0,0,0,0,1,1,7,1,0,1460,65160,24,14720,14600,0,2038784,24,13056,126,533,163,0,3562,0,12,3243,0,1,1,7,1,7987,1460,0,0,2305280,14480,0,0,0,0,0,0,0,0,0,0,0,0,0,0,0,486,0,0,0,0,0
17,0,16,9,452,6,452,0,0,0,1,1,17,0,17,5,2944,10,2944,0,0,0,1,1,12858.827,2.287,2.209,12855.148,12857.697,0.506,2.209,1,1,0,0,0,0,0,10.342746,0.183,40.426,18.474491,8,64,64,7.254661,0.015,40.031,15.909392,11,64,64,0,0,0,0,0,0,1,1,7,1,0,1460,164,16,20480,14600,0,164,16,164,0,0,0,0,0,0,0,0,0,1,1,7,1,0,1460,1448,16,15616,14480,0,1480,16,64,0,0,0,0,0,0,0,0,0,0,0,6,9,0,0,0,0
16372,0,16371,2,155824351,16369,162063784,4310,6239433,1341,1,1,14927,0,14927,14925,0,0,0,0,0,0,1,1,14545.332,1.331,0,14543.881,0,0.493,1.704,1,1,0,0,0,0,0,0.316701,0.079,40.598,1.551498,3946,64,64,0.020999,0.014,0.028,0,2,64,64,0,0,0,0,0,0,1,1,7,1,0,1460,65160,24,14720,14600,0,485080,24,13056,113,271,17,0,2456,0,11,2783,0,1,1,7,1,3029,1460,0,0,2174976,14480,0,0,0,0,0,0,0,0,0,0,0,0,0,0,0,518,0,0,0,0,0
17,0,16,9,452,6,452,0,0,0,1,1,17,0,17,5,2944,10,2944,0,0,0,1,1,12130.171,3.056,2.921,12126.247,12129.032,0.579,2.921,1,1,0,0,0,0,0,10.432995,0.321,40.226,18.170582,8,64,64,7.342933,0.016,40.07,16.051943,11,64,64,0,0,0,0,0,0,1,1,7,1,0,1460,164,16,20480,14600,0,164,16,164,0,0,0,0,0,0,0,0,0,1,1,7,1,0,1460,1448,16,15616,14480,0,1480,16,64,0,0,0,0,0,0,0,0,0,0,0,6,9,0,0,0,0
59467,0,59466,2,652141109,59464,674748736,15614,22607627,4350,1,1,54823,0,54823,54821,0,0,0,0,0,0,1,1,45042.158,0.559,0,45041.512,0,0.531,0.805,1,1,0,0,0,0,0,0.317839,0.081,40.736,1.637945,15262,64,64,0.025499,0.01,0.041,0,2,64,64,0,0,0,0,0,0,1,1,7,1,0,1460,65160,24,14720,14600,0,941200,24,13056,361,1312,138,0,8122,0,27,10004,0,1,1,7,1,10233,1460,0,0,2224128,14480,0,0,0,0,0,0,0,0,0,0,0,0,0,0,0,568,0,0,0,0,0
27202,0,27201,2,262322488,27199,272235496,6846,9913008,2126,1,1,24195,0,24195,24193,0,0,0,0,0,0,1,1,21172.309,0.619,0,21165.299,0,0.578,0.839,1,1,0,0,0,0,0,0.313041,0.083,40.315,1.575491,6449,64,64,0.030498,0.022,0.039,0,2,64,64,0,0,0,0,0,0,1,1,7,1,0,1460,65160,24,14720,14600,0,760200,24,13056,228,296,248,0,4122,0,13,4065,0,1,1,7,1,5045,1460,0,0,2396416,14480,0,0,0,0,0,0,0,0,0,0,0,0,0,0,0,867,0,0,0,0,0
17,0,16,9,452,6,452,0,0,0,1,1,17,0,17,5,2944,10,2944,0,0,0,1,1,13849.692,2.661,2.595,13845.451,13848.428,0.509,2.595,1,1,0,0,0,0,0,10.479369,0.261,40.6,18.495654,8,64,64,7.262843,0.019,39.846,15.891366,11,64,64,0,0,0,0,0,0,1,1,7,1,0,1460,164,16,20480,14600,0,164,16,164,0,0,0,0,0,0,0,0,0,1,1,7,1,0,1460,1448,16,15616,14480,0,1480,16,64,0,0,0,0,0,0,0,0,0,0,0,6,9,0,0,0,0
17,0,16,9,452,6,452,0,0,0,1,1,17,0,17,5,2944,10,2944,0,0,0,1,1,13438.445,3.255,3.132,13435.152,13437.148,0.338,3.132,1,1,0,0,0,0,0,10.216872,0.26,39.78,18.17586,8,64,64,7.273116,0.01,39.296,15.807205,11,64,64,0,0,0,0,0,0,1,1,7,1,0,1460,164,16,20480,14600,0,164,16,164,0,0,0,0,0,0,0,0,0,1,1,7,1,0,1460,1448,16,15616,14480,0,1480,16,64,0,0,0,0,0,0,0,0,0,0,0,6,9,0,0,0,0
51311,0,51310,2,427534357,51308,446407592,13035,18873235,2778,1,1,46201,0,46201,46199,0,0,0,0,0,0,1,1,45125.812,0.538,0,45122.82,0,0.496,0.98,1,1,0,0,0,0,0,0.302859,0.074,40.957,1.645178,14983,64,64,0.031498,0.023,0.04,0,2,64,64,0,0,0,0,0,0,1,1,7,1,0,1460,65160,24,14720,14600,0,616848,24,13056,335,662,301,0,6428,0,32,8055,0,1,1,7,1,8666,1460,0,0,2597760,14480,0,0,0,0,0,0,0,0,0,0,0,0,0,0,0,1027,0,0,0,0,0
57467,0,57466,2,398226567,57463,413327760,10430,15101193,2235,1,1,44223,0,44223,44221,0,0,0,0,0,0,1,1,36029.39,0.506,0,36018.218,0,0.447,0.797,1,1,0,0,0,0,0,0.271223,0.069,40.708,1.243903,20464,64,64,0.021999,0.012,0.032,0,2,64,64,0,0,0,0,0,0,1,1,7,1,0,1460,65160,24,14720,14600,0,750064,24,13056,225,786,433,0,6526,0,24,4671,0,1,1,7,1,8792,1460,0,0,1946112,14480,0,0,0,0,0,0,0,0,0,0,0,0,0,0,0,1440,0,0,0,0,0
20131,0,20130,2,101653984,20127,107262088,3873,5608104,233,1,1,16037,0,16037,16035,0,0,0,0,0,0,1,1,13083.217,1.335,0,13069.425,0,0.173,1.532,1,1,0,0,0,0,0,0.244816,0.071,40.74,0.934693,7958,64,64,0.015499,0.011,0.02,0,2,64,64,0,0,0,0,0,0,1,1,7,1,0,1460,65160,24,14720,14600,0,1053672,24,13056,88,150,15,0,2514,0,14,1325,0,1,1,7,1,3210,1460,0,0,2105472,14480,0,0,0,0,0,0,0,0,0,0,0,0,0,0,0,555,0,0,0,0,0
17,0,16,9,452,6,452,0,0,0,1,1,17,0,17,5,2944,10,2944,0,0,0,1,1,14900.549,2.563,2.499,14896.358,14899.334,0.555,2.499,1,1,0,0,0,0,0,10.41162,0.201,40.234,18.360939,8,64,64,7.344206,0.011,39.876,16.047882,11,64,64,0,0,0,0,0,0,1,1,7,1,0,1460,164,16,20480,14600,0,164,16,164,0,0,0,0,0,0,0,0,0,1,1,7,1,0,1460,1448,16,15616,14480,0,1480,16,64,0,0,0,0,0,0,0,0,0,0,0,6,9,0,0,0,0
67140,0,67139,2,400447910,67137,418523296,12484,18075386,2022,1,1,55517,0,55517,55515,0,0,0,0,0,0,1,1,42264.371,0.639,0,42255.741,0,0.275,0.866,1,1,0,0,0,0,0,0.254731,0.065,42.474,1.113733,26282,64,64,0.013499,0.013,0.014,0,2,64,64,0,0,0,0,0,0,1,1,7,1,0,1460,65160,24,14720,14600,0,2743960,24,13056,300,1122,213,0,8216,0,38,4618,0,1,1,7,1,10803,1460,0,0,2493568,14480,0,0,0,0,0,0,0,0,0,0,0,0,0,0,0,1468,0,0,0,0,0
17,0,16,9,452,6,452,0,0,0,1,1,17,0,17,5,2944,10,2944,0,0,0,1,1,13155.505,2.381,2.315,13147.541,13150.811,0.316,2.315,1,1,0,0,0,0,0,10.353371,0.184,39.873,18.179012,8,64,64,7.615385,0.014,39.745,15.87947,11,64,64,0,0,0,0,0,0,1,1,7,1,0,1460,164,16,20480,14600,0,164,16,164,0,0,0,0,0,0,0,0,0,1,1,7,1,0,1460,1448,16,15616,14480,0,1480,16,64,0,0,0,0,0,0,0,0,0,0,0,6,9,0,0,0,0
30410,0,30409,2,198691856,30406,206945456,5700,8253600,990,1,1,23690,0,23690,23688,0,0,0,0,0,0,1,1,23086.485,0.578,0,23071.154,0,0.524,1.002,1,1,0,0,0,0,0,0.2757,0.079,40.79,1.492106,11585,64,64,0.028499,0.02,0.037,0,2,64,64,0,0,0,0,0,0,1,1,7,1,0,1460,65160,24,14720,14600,0,2198064,24,13056,209,460,192,0,3505,0,23,2301,0,1,1,7,1,4076,1460,0,0,1888256,14480,0,0,0,0,0,0,0,0,0,0,0,0,0,0,0,910,0,0,0,0,0
3368,0,3367,2,12281864,3364,13029032,516,747168,42,1,1,2670,0,2670,2668,0,0,0,0,0,0,1,1,2079.832,0.296,0,2056.851,0,0.236,0.432,1,1,0,0,0,0,0,0.183005,0.095,11.145,0.269763,1944,64,64,0.0095,0.006,0.013,0,2,64,64,0,0,0,0,0,0,1,1,7,1,0,1460,52128,24,14720,14600,0,144800,24,13056,18,56,41,0,333,0,5,105,0,1,1,7,1,414,1460,0,0,1028096,14480,0,0,0,0,0,0,0,0,0,0,0,0,0,0,0,223,0,0,0,0,0
38006,0,38005,2,299738256,38003,313314704,9376,13576448,2206,1,1,32940,0,32940,32938,0,0,0,0,0,0,1,1,34210.57,0.774,0,34208.431,0,0.697,1.16,1,1,0,0,0,0,0,0.308327,0.081,40.456,1.534082,10926,64,64,0.027999,0.012,0.044,0,2,64,64,0,0,0,0,0,0,1,1,7,1,0,1460,65160,24,14720,14600,0,1710088,24,13056,244,823,256,0,5461,0,26,4772,0,1,1,7,1,6685,1460,0,0,2143104,14480,0,0,0,0,0,0,0,0,0,0,0,0,0,0,0,1087,0,0,0,0,0
17,0,16,9,452,6,452,0,0,0,1,1,17,0,17,5,2944,10,2944,0,0,0,1,1,13828.165,2.806,2.725,13824.002,13827.248,0.522,2.725,1,1,0,0,0,0,0,10.322746,0.302,40.218,18.211636,8,64,64,7.200207,0.013,39.246,15.820182,11,64,64,0,0,0,0,0,0,1,1,7,1,0,1460,164,16,20480,14600,0,164,16,164,0,0,0,0,0,0,0,0,0,1,1,7,1,0,1460,1448,16,15616,14480,0,1480,16,64,0,0,0,0,0,0,0,0,0,0,0,6,9,0,0,0,0
39209,0,39208,2,353591960,39206,367106144,9333,13514184,3779,1,1,36457,0,36457,36455,0,0,0,0,0,0,1,1,31327.48,0.491,0,31321.086,0,0.448,0.913,1,1,0,0,0,0,0,0.369329,0.075,40.76,2.070509,9875,64,64,0.017999,0.018,0.018,0,2,64,64,0,0,0,0,0,0,1,1,7,1,0,1460,65160,24,14720,14600,0,854320,24,13056,260,629,408,0,6661,0,35,5119,0,1,1,7,1,8019,1460,0,0,2478976,14480,0,0,0,0,0,0,0,0,0,0,0,0,0,0,0,942,0,0,0,0,0
1741,0,1740,2,20788208,1738,21350032,388,561824,334,1,1,1717,0,1717,1715,0,0,0,0,0,0,1,1,1239.595,0.652,0,1229.41,0,0.586,1.066,1,1,0,0,0,0,0,0.339452,0.112,1.476,0.171322,407,64,64,0.030998,0.025,0.037,0,2,64,64,0,0,0,0,0,0,1,1,7,1,0,1460,65160,24,14720,14600,0,325800,24,13056,6,19,6,0,463,0,2,226,0,1,1,7,1,330,1460,0,0,1850624,14480,0,0,0,0,0,0,0,0,0,0,0,0,0,0,0,107,0,0,0,0,0
17,0,16,9,452,6,452,0,0,0,1,1,17,0,17,5,2944,10,2944,0,0,0,1,1,14712.743,2.59,2.463,14707.659,14711.59,0.505,2.463,1,1,0,0,0,0,0,10.350246,0.333,40.255,18.281591,8,64,64,7.250389,0.014,39.246,15.813116,11,64,64,0,0,0,0,0,0,1,1,7,1,0,1460,164,16,20480,14600,0,164,16,164,0,0,0,0,0,0,0,0,0,1,1,7,1,0,1460,1448,16,15616,14480,0,1480,16,64,0,0,0,0,0,0,0,0,0,0,0,6,9,0,0,0,0
38,0,37,2,131096,34,131096,0,0,0,1,1,17,0,17,15,0,0,0,0,0,0,1,1,21.593,0.674,0,3.18,0,0.427,0.975,1,1,0,0,0,0,0,1.02617,0.235,10.496,2.445469,17,64,64,0.035998,0.019,0.053,0,2,64,64,0,0,0,0,0,0,1,1,7,1,0,1460,8688,24,14720,14600,0,30408,24,13056,0,0,0,0,0,0,0,0,0,1,1,7,1,0,1460,0,0,55040,14480,0,0,0,0,0,0,0,0,0,0,0,0,0,0,0,11,0,0,0,0,0
17,0,16,9,452,6,452,0,0,0,1,1,17,0,17,5,2944,10,2944,0,0,0,1,1,13581.406,3.406,3.264,13577.885,13580.286,0.749,3.264,1,1,0,0,0,0,0,10.295996,0.017,39.701,18.067174,8,64,64,7.350479,0.015,39.838,15.968892,11,64,64,0,0,0,0,0,0,1,1,7,1,0,1460,164,16,20480,14600,0,164,16,164,0,0,0,0,0,0,0,0,0,1,1,7,1,0,1460,1448,16,15616,14480,0,1480,16,64,0,0,0,0,0,0,0,0,0,0,0,6,9,0,0,0,0
17,0,16,9,452,6,452,0,0,0,1,1,17,0,17,5,2944,10,2944,0,0,0,1,1,15557.964,3.066,2.95,15545.742,15555.9,0.763,2.95,1,1,0,0,0,0,0,10.604742,0.547,40.151,18.203246,8,64,64,7.275934,0.016,39.881,15.934818,11,64,64,0,0,0,0,0,0,1,1,7,1,0,1460,164,16,20480,14600,0,164,16,164,0,0,0,0,0,0,0,0,0,1,1,7,1,0,1460,1448,16,15616,14480,0,1480,16,64,0,0,0,0,0,0,0,0,0,0,0,6,9,0,0,0,0
18,0,17,9,452,7,452,0,0,0,1,1,18,0,18,6,2944,10,2944,0,0,0,1,1,13587.745,2.247,2.181,13584.396,13585.689,0.248,2.181,1,1,0,0,0,0,0,9.185231,0.091,40.326,17.591575,9,64,64,7.36366,0.011,39.903,15.89112,11,64,64,0,0,0,0,0,0,1,1,7,1,0,1460,164,16,20480,14600,0,164,16,164,0,0,0,0,0,0,0,0,0,1,1,7,1,0,1460,1448,16,15616,14480,0,1480,16,64,0,0,0,0,0,0,0,0,0,0,0,7,9,0,0,0,0
17,0,16,9,452,6,452,0,0,0,1,1,17,0,17,5,2944,10,2944,0,0,0,1,1,13822.405,3.298,3.097,13815.159,13821.104,0.486,3.097,1,1,0,0,0,0,0,10.547243,0.453,40.436,18.431829,8,64,64,7.401751,0.011,39.961,16.089882,11,64,64,0,0,0,0,0,0,1,1,7,1,0,1460,164,16,20480,14600,0,164,16,164,0,0,0,0,0,0,0,0,0,1,1,7,1,0,1460,1448,16,15616,14480,0,1480,16,64,0,0,0,0,0,0,0,0,0,0,0,6,9,0,0,0,0
69435,0,69434,2,566404488,69432,587594520,14634,21190032,4266,1,1,60282,0,60282,60280,0,0,0,0,0,0,1,1,43039.358,0.602,0,43035.675,0,0.54,0.977,1,1,0,0,0,0,0,0.258836,0.08,40.87,1.217652,24264,64,64,0.025499,0.013,0.038,0,2,64,64,0,0,0,0,0,0,1,1,7,1,0,1460,65160,24,14720,14600,0,579200,24,13056,468,1048,367,0,9197,0,35,7785,0,1,1,7,1,10714,1460,0,0,2299520,14480,0,0,0,0,0,0,0,0,0,0,0,0,0,0,0,1696,0,0,0,0,0
15,0,14,8,436,5,436,0,0,0,1,1,16,0,16,5,2928,9,2928,0,0,0,1,1,14601.525,2.186,2.078,14597.058,14600.2,0.255,2.078,1,1,0,0,0,0,0,6.081913,0.233,40.195,15.04371,7,64,64,8.056519,0.009,39.671,16.662796,10,64,64,0,0,0,0,0,0,1,1,7,1,0,1460,164,32,20480,14600,0,164,32,164,0,0,0,0,0,0,0,0,0,1,1,7,1,0,1460,1448,16,15616,14480,0,1480,16,64,0,0,0,0,0,0,0,0,0,0,0,5,8,0,0,0,0
71436,0,71435,2,590223080,71433,614658080,16875,24435000,3512,1,1,57908,0,57908,57906,0,0,0,0,0,0,1,1,58267.836,1.306,0,58262.003,0,0.459,1.816,1,1,0,0,0,0,0,0.308016,0.076,40.914,1.554792,20759,64,64,0.014999,0.008,0.022,0,2,64,64,0,0,0,0,0,0,1,1,7,1,0,1460,65160,24,14720,14600,0,715312,24,13056,472,958,581,0,9704,0,57,8615,0,1,1,7,1,11649,1460,0,0,2279168,14480,0,0,0,0,0,0,0,0,0,0,0,0,0,0,0,1890,0,0,0,0,0
17,0,16,9,452,6,452,0,0,0,1,1,17,0,17,5,2944,10,2944,0,0,0,1,1,13515.794,2.092,2.035,13511.194,13514.35,0.194,2.035,1,1,0,0,0,0,0,10.39712,0.116,40.331,18.334795,8,64,64,7.248934,0.01,39.712,15.841116,11,64,64,0,0,0,0,0,0,1,1,7,1,0,1460,164,16,20480,14600,0,164,16,164,0,0,0,0,0,0,0,0,0,1,1,7,1,0,1460,1448,16,15616,14480,0,1480,16,64,0,0,0,0,0,0,0,0,0,0,0,6,9,0,0,0,0
68136,0,68135,2,479995088,68133,500523384,14177,20528296,2683,1,1,56963,0,56963,56961,0,0,0,0,0,0,1,1,44226.069,1.708,0,44215.221,0,0.213,1.939,1,1,0,0,0,0,0,0.267567,0.072,41.589,1.321243,23755,64,64,0.016499,0.011,0.022,0,2,64,64,0,0,0,0,0,0,1,1,7,1,0,1460,65160,24,14720,14600,0,826808,24,13056,292,1055,238,0,8106,0,28,7141,0,1,1,7,1,11341,1460,0,0,2209664,14480,0,0,0,0,0,0,0,0,0,0,0,0,0,0,0,1503,0,0,0,0,0
17,0,16,9,452,6,452,0,0,0,1,1,17,0,17,5,2944,10,2944,0,0,0,1,1,12742.467,2.816,2.736,12738.863,12741.283,0.468,2.736,1,1,0,0,0,0,0,10.341746,0.342,40.197,18.274154,8,64,64,7.252298,0.004,39.377,15.845081,11,64,64,0,0,0,0,0,0,1,1,7,1,0,1460,164,16,20480,14600,0,164,16,164,0,0,0,0,0,0,0,0,0,1,1,7,1,0,1460,1448,16,15616,14480,0,1480,16,64,0,0,0,0,0,0,0,0,0,0,0,6,9,0,0,0,0
67819,0,67818,2,544230247,67816,566158760,15145,21928513,4844,1,1,61491,0,61491,61489,0,0,0,0,0,0,1,1,50038.748,0.485,0,50028.698,0,0.437,0.781,1,1,0,0,0,0,0,0.301821,0.065,140.61,1.825558,20030,64,64,0.025999,0.02,0.032,0,2,64,64,0,0,0,0,0,0,1,1,7,1,0,1460,65160,24,14720,14600,0,1125096,24,13056,336,853,470,0,9327,0,28,8975,0,1,1,7,1,13353,1460,0,0,2716544,14480,0,0,0,0,0,0,0,0,0,0,0,0,0,0,0,1533,0,0,0,0,0
17,0,16,9,452,6,452,0,0,0,1,1,17,0,17,5,2944,10,2944,0,0,0,1,1,12453.171,2.808,2.728,12449.42,12451.839,0.514,2.728,1,1,0,0,0,0,0,10.540368,0.489,40.407,18.401493,8,64,64,7.267207,0.025,39.378,15.859065,11,64,64,0,0,0,0,0,0,1,1,7,1,0,1460,164,16,20480,14600,0,164,16,164,0,0,0,0,0,0,0,0,0,1,1,7,1,0,1460,1448,16,15616,14480,0,1480,16,64,0,0,0,0,0,0,0,0,0,0,0,6,9,0,0,0,0
21511,0,21510,2,196927424,21508,205056496,5614,8129072,1778,1,1,19024,0,19024,19022,0,0,0,0,0,0,1,1,21062.363,1.338,0,21051.386,0,0.674,1.699,1,1,0,0,0,0,0,0.357473,0.076,40.546,1.791272,5053,64,64,0.019999,0.017,0.023,0,2,64,64,0,0,0,0,0,0,1,1,7,1,0,1460,65160,24,14720,14600,0,502456,24,13056,135,393,95,0,3630,0,18,3121,0,1,1,7,1,4226,1460,0,0,2198144,14480,0,0,0,0,0,0,0,0,0,0,0,0,0,0,0,526,0,0,0,0,0
17264,0,17263,2,155568534,17261,162232232,4603,6663698,1159,1,1,14378,0,14378,14376,0,0,0,0,0,0,1,1,15222.712,1.12,0,15214.493,0,0.373,1.392,1,1,0,0,0,0,0,0.342164,0.093,40.819,1.636975,4282,64,64,0.013999,0.013,0.015,0,2,64,64,0,0,0,0,0,0,1,1,7,1,0,1460,65160,24,14720,14600,0,4034128,24,13056,106,149,51,0,3087,0,12,2357,0,1,1,7,1,2838,1460,0,0,2189440,14480,0,0,0,0,0,0,0,0,0,0,0,0,0,0,0,542,0,0,0,0,0
65140,0,65139,2,504460367,65137,522172304,12233,17711937,4192,1,1,55185,0,55185,55183,0,0,0,0,0,0,1,1,42089.626,0.533,0,42081.235,0,0.504,0.813,1,1,0,0,0,0,0,0.279677,0.067,40.864,1.537428,23214,64,64,0.027999,0.017,0.039,0,2,64,64,0,0,0,0,0,0,1,1,7,1,0,1460,65160,24,14720,14600,0,703728,24,13056,261,854,284,0,8764,0,33,6229,0,1,1,7,1,10408,1460,0,0,2470400,14480,0,0,0,0,0,0,0,0,0,0,0,0,0,0,0,1705,0,0,0,0,0
17,0,16,9,452,6,452,0,0,0,1,1,17,0,17,5,2944,10,2944,0,0,0,1,1,13125.526,2.966,2.833,13121.774,13124.258,0.679,2.833,1,1,0,0,0,0,0,10.36462,0.437,39.799,18.095886,8,64,64,7.341206,0.015,39.886,15.994719,11,64,64,0,0,0,0,0,0,1,1,7,1,0,1460,164,16,20480,14600,0,164,16,164,0,0,0,0,0,0,0,0,0,1,1,7,1,0,1460,1448,16,15616,14480,0,1480,16,64,0,0,0,0,0,0,0,0,0,0,0,6,9,0,0,0,0
17,0,16,9,452,6,452,0,0,0,1,1,17,0,17,5,2944,10,2944,0,0,0,1,1,13600.423,4.608,4.524,13596.951,13599.204,0.499,4.524,1,1,0,0,0,0,0,10.366495,0.472,39.836,18.137364,8,64,64,7.319933,0.016,39.722,15.983966,11,64,64,0,0,0,0,0,0,1,1,7,1,0,1460,164,16,20480,14600,0,164,16,164,0,0,0,0,0,0,0,0,0,1,1,7,1,0,1460,1448,16,15616,14480,0,1480,16,64,0,0,0,0,0,0,0,0,0,0,0,6,9,0,0,0,0
17,0,16,9,452,6,452,0,0,0,1,1,17,0,17,5,2944,10,2944,0,0,0,1,1,15725.106,2.492,2.412,15720.881,15723.687,0.301,2.412,1,1,0,0,0,0,0,10.536243,0.289,40.352,18.390831,8,64,64,7.30657,0.012,39.909,15.957292,11,64,64,0,0,0,0,0,0,1,1,7,1,0,1460,164,16,20480,14600,0,164,16,164,0,0,0,0,0,0,0,0,0,1,1,7,1,0,1460,1448,16,15616,14480,0,1480,16,64,0,0,0,0,0,0,0,0,0,0,0,6,9,0,0,0,0
17,0,16,9,452,6,452,0,0,0,1,1,17,0,17,5,2944,10,2944,0,0,0,1,1,13578.642,2.513,2.464,13575.318,13577.395,0.455,2.464,1,1,0,0,0,0,0,10.39337,0.263,40.697,18.45868,8,64,64,7.201207,0.007,39.194,15.710018,11,64,64,0,0,0,0,0,0,1,1,7,1,0,1460,164,16,20480,14600,0,164,16,164,0,0,0,0,0,0,0,0,0,1,1,7,1,0,1460,1448,16,15616,14480,0,1480,16,64,0,0,0,0,0,0,0,0,0,0,0,6,9,0,0,0,0
95495,0,95494,2,784623312,95492,814647592,20735,30024280,7295,1,1,89879,0,89879,89877,0,0,0,0,0,0,1,1,59195.394,0.603,0,59194.842,0,0.491,0.933,1,1,0,0,0,0,0,0.305771,0.065,41.158,1.779255,30125,64,64,0.016499,0.011,0.022,0,2,64,64,0,0,0,0,0,0,1,1,7,1,0,1460,65160,24,14720,14600,0,1975072,24,13056,354,1466,426,0,13514,0,29,12241,0,1,1,7,1,17070,1460,0,0,2473216,14480,0,0,0,0,0,0,0,0,0,0,0,0,0,0,0,2011,0,0,0,0,0
17,0,16,9,452,6,452,0,0,0,1,1,17,0,17,5,2944,10,2944,0,0,0,1,1,15199.296,3.104,3.024,15195.701,15198.425,0.723,3.024,1,1,0,0,0,0,0,10.496619,0.54,40.061,18.181631,8,64,64,7.306115,0.018,39.796,16.025881,11,64,64,0,0,0,0,0,0,1,1,7,1,0,1460,164,16,20480,14600,0,164,16,164,0,0,0,0,0,0,0,0,0,1,1,7,1,0,1460,1448,16,15616,14480,0,1480,16,64,0,0,0,0,0,0,0,0,0,0,0,6,9,0,0,0,0
17,0,16,9,452,6,452,0,0,0,1,1,17,0,17,5,2944,10,2944,0,0,0,1,1,14434.699,2.949,2.724,14430.915,14433.441,0.296,2.724,1,1,0,0,0,0,0,10.430745,0.279,40.483,18.501599,8,64,64,7.302025,0.015,39.597,15.930553,11,64,64,0,0,0,0,0,0,1,1,7,1,0,1460,164,16,20480,14600,0,164,16,164,0,0,0,0,0,0,0,0,0,1,1,7,1,0,1460,1448,16,15616,14480,0,1480,16,64,0,0,0,0,0,0,0,0,0,0,0,6,9,0,0,0,0