10.417495,0.245,40.75,164,16,20480,14600,164,16,164,0,0,0,0,Random
0.341555,0.079,164.544,65160,24,14720,14600,1139576,24,13056,203,520,71,13,Random
10.405245,0.399,40.102,164,16,20480,14600,164,16,164,0,0,0,0,Random
10.357496,0.237,40.075,164,16,20480,14600,164,16,164,0,0,0,0,Random
10.316121,0.246,40.307,164,16,20480,14600,164,16,164,0,0,0,0,Random
0.265573,0.076,141.921,65160,24,14720,14600,1640584,24,13056,161,482,95,27,Random
0.321067,0.049,193.548,65160,24,14720,14600,2567304,24,13056,324,903,355,34,Random
10.253872,0.26,40.171,164,16,20480,14600,164,16,164,0,0,0,0,Random
10.351371,0.161,40.278,164,16,20480,14600,164,16,164,0,0,0,0,Random
0.334123,0.076,64.723,65160,24,14720,14600,434400,24,13056,230,351,33,16,Random
10.231372,0.127,40.256,164,16,20480,14600,164,16,164,0,0,0,0,Random
38.537268,0.144,226.377,164,16,20480,14600,164,16,164,0,0,0,0,Random
0.16649,0.072,6.209,46336,24,14720,14600,175208,24,13056,18,55,13,2,Random
0.205701,0.07,39.975,65160,24,14720,14600,673320,24,13056,121,460,244,24,Random
0.32987,0.068,160.402,65160,24,14720,14600,1207632,24,13056,333,656,435,42,Random
10.347246,0.184,40.441,164,16,20480,14600,164,16,164,0,0,0,0,Random
0.361394,0.079,182.801,65160,24,14720,14600,501008,24,13056,202,535,214,30,Random
10.456869,0.226,40.788,164,16,20480,14600,164,16,164,0,0,0,0,Random
0.365731,0.073,391.474,65160,24,14720,14600,1201840,24,13056,318,1265,305,54,Random
0.40099,0.085,40.651,65160,24,14720,14600,905000,24,13056,161,242,445,15,Random
10.42612,0.433,40.174,164,16,20480,14600,164,16,164,0,0,0,0,Random
0.521798,0.208,7.373,7240,24,14720,14600,17376,24,13056,0,0,0,0,Random
10.525368,0.162,40.646,164,16,20480,14600,164,16,164,0,0,0,0,Random
0.395085,0.079,449.581,65160,24,14720,14600,1216320,24,13056,358,1670,699,39,Random
10.42487,0.261,40.477,164,16,20480,14600,164,16,164,0,0,0,0,Random
0.337701,0.079,99.058,65160,8,14720,14600,912240,24,13056,606,842,788,46,Random
0.300756,0.114,40.689,65160,880,14720,14600,347520,1448,0,23,26,26,2,Random
10.291871,0.157,40.878,164,16,20480,14600,164,16,164,0,0,0,0,Random
0.314534,0.074,162.461,65160,24,14720,14600,1041112,24,13056,241,1017,198,19,Random
10.372995,0.391,40.106,164,16,20480,14600,164,16,164,0,0,0,0,Random
0.296598,0.076,40.082,65160,24,14720,14600,582096,24,13056,83,358,0,15,Random
10.318996,0.309,40.396,164,16,20480,14600,164,16,164,0,0,0,0,Random
0.323697,0.074,94.692,65160,24,14720,14600,918032,24,24,480,1205,504,40,Random
11.541231,0.167,40.159,164,16,20480,14600,164,16,164,0,0,0,0,Random
0.3193,0.075,84.153,65160,24,14720,14600,909344,24,13056,294,790,343,30,Random
10.356496,0.269,40.061,164,16,20480,14600,164,16,164,0,0,0,0,Random
10.546118,0.238,40.365,164,16,20480,14600,164,16,164,0,0,0,0,Random
0.339637,0.085,81.772,65160,24,14720,14600,573408,24,13056,37,120,90,2,Random
0.230517,0.075,3.483,53576,24,14720,14600,124528,24,13056,17,34,0,4,Random
0.296065,0.071,177.284,65160,24,14720,14600,880384,24,13056,258,969,349,26,Random
10.547243,0.4,40.273,164,16,20480,14600,164,16,164,0,0,0,0,Random
10.478244,0.414,40.789,164,16,20480,14600,164,16,164,0,0,0,0,Random
0.329646,0.078,104.613,65160,24,14720,14600,935408,24,13056,422,117,100,13,Random
0.274671,0.078,40.619,65160,24,14720,14600,984640,24,13056,347,1259,305,39,Random
10.405995,0.386,40.511,164,16,20480,14600,164,16,164,0,0,0,0,Random
0.343051,0.072,163.88,65160,24,14720,14600,962920,24,13056,302,488,614,20,Random
10.334621,0.352,40.399,164,16,20480,14600,164,16,164,0,0,0,0,Random
0.309517,0.081,166.479,65160,24,14720,14600,2587576,24,13056,271,868,375,26,Random
10.412995,0.233,40.486,164,16,20480,14600,164,16,164,0,0,0,0,Random
0.222012,0.072,134.582,65160,24,14720,14600,1039664,24,13056,262,889,463,33,Random
10.352496,0.263,39.994,164,16,20480,14600,164,16,164,0,0,0,0,Random
10.307871,0.181,40.225,164,16,20480,14600,164,16,164,0,0,0,0,Random
0.289766,0.084,153.847,65160,24,14720,14600,447432,24,13056,56,275,196,7,Random
0.268903,0.116,1.07,65160,24,14720,14600,306976,24,13056,18,20,13,1,Random
0.345211,0.088,40.702,65160,24,14720,14600,4068880,24,13056,152,511,208,20,Random
0.311654,0.079,84.073,65160,8,14720,14600,538656,24,13056,436,1633,524,31,Random
10.228747,0.286,39.51,164,16,20480,14600,164,16,164,0,0,0,0,Random
10.41912,0.495,40.459,164,16,20480,14600,164,16,164,0,0,0,0,Random
0.379063,0.084,85.874,65160,24,14720,14600,764544,24,13056,283,540,363,39,Random
10.308871,0.115,40.719,164,16,20480,14600,164,16,164,0,0,0,0,Random
0.271159,0.075,40.289,65160,24,14720,14600,456120,24,13056,24,91,163,1,Random
10.575243,0.283,40.677,164,16,20480,14600,164,16,164,0,0,0,0,Random
0.233947,0.068,164.411,65160,24,14720,14600,923824,24,13056,375,879,378,39,Random
10.438495,0.142,40.231,164,16,20480,14600,164,16,164,0,0,0,0,Random
0.301229,0.074,40.746,65160,24,14720,14600,1267000,24,13056,369,750,354,38,Random
11.578406,0.297,39.504,164,16,17536,14600,164,16,164,0,0,0,0,Random
10.436495,0.397,40.33,164,16,20480,14600,164,16,164,0,0,0,0,Random
0.24689,0.066,201.417,65160,24,14720,14600,1000568,24,13056,328,1044,331,29,Random
10.701116,0.282,42.498,164,16,20480,14600,164,16,164,0,0,0,0,Random
0.368029,0.077,40.071,65160,24,14720,14600,456120,24,13056,72,268,60,5,Random
10.447494,0.368,40.278,164,16,20480,14600,164,16,164,0,0,0,0,Random
0.297815,0.065,40.762,65160,24,14720,14600,973056,24,13056,266,571,213,32,Random
10.435745,0.415,40.136,164,16,20480,14600,164,16,164,0,0,0,0,Random
10.294496,0.314,39.754,164,16,20480,14600,164,16,164,0,0,0,0,Random
0.460071,0.078,40.583,65160,24,14720,14600,657392,24,13056,223,660,176,5,Random
0.29747,0.072,60.333,65160,24,14720,14600,1094688,24,13056,493,865,612,40,Random
10.345496,0.431,39.645,164,16,20480,14600,164,16,164,0,0,0,0,Random
10.277497,0.32,39.967,164,16,20480,14600,164,16,164,0,0,0,0,Random
0.305218,0.082,40.43,65160,24,14720,14600,761648,24,13056,95,264,186,13,Random
10.413995,0.525,40.431,164,16,20480,14600,164,16,164,0,0,0,0,Random
0.380731,0.068,40.777,65160,24,14720,14600,858664,24,13056,430,767,389,15,Random
10.306996,0.179,39.795,164,16,20480,14600,164,16,164,0,0,0,0,Random
0.386303,0.086,97.932,65160,24,14720,14600,386616,24,13056,150,489,177,16,Random
0.343199,0.016,128.087,65160,24,14720,14600,1599488,24,13056,192,930,241,25,Random
10.122123,0.285,39.542,164,16,20480,14600,164,16,164,0,0,0,0,Random
11.716118,0.226,40.235,164,16,20480,14600,164,16,164,0,0,0,0,Random
0.325866,0.075,40.788,65160,24,14720,14600,654496,24,13056,112,198,157,12,Random
11.875116,0.348,40.34,164,16,20480,14600,164,16,164,0,0,0,0,Random
0.25737,0.023,184.961,65160,24,14720,14600,1007808,24,13056,302,941,592,40,Random
0.349195,0.081,40.837,65160,24,14720,14600,527072,24,13056,135,533,33,15,Random
10.362995,0.273,40.352,164,16,20480,14600,164,16,164,0,0,0,0,Random
10.40562,0.398,39.946,164,16,20480,14600,164,16,164,0,0,0,0,Random
0.218485,0.091,40.202,65160,24,14720,14600,521280,24,13056,25,68,5,0,Random
0.219364,0.072,45.289,65160,24,14720,14600,784816,24,13056,347,788,151,46,Random
0.260451,0.078,45.261,65160,24,14720,14600,677664,24,13056,309,777,292,282,Random
10.620242,0.49,40.993,164,16,20480,14600,164,16,164,0,0,0,0,Random
10.490119,0.441,40.428,164,16,20480,14600,164,16,164,0,0,0,0,Random
10.368745,0.183,40.244,164,16,20480,14600,164,16,164,0,0,0,0,Random
0.42276,0.071,40.42,65160,24,14720,14600,739928,24,13056,343,398,45,3,Random
10.468369,0.419,40.645,164,16,20480,14600,164,16,164,0,0,0,0,Random
10.443869,0.447,39.976,164,16,20480,14600,164,16,164,0,0,0,0,Random
10.37662,0.232,40.469,164,16,20480,14600,164,16,164,0,0,0,0,Random
0.491028,0.121,40.05,65160,24,14720,14600,262088,24,13056,27,31,0,2,Random
0.319594,0.076,41.5,65160,24,14720,14600,885824,24,13056,267,621,366,29,Random
0.280638,0.07,42.015,65160,16,14720,14600,5463304,24,13056,312,1271,98,17,Random
10.553118,0.363,40.531,164,16,20480,14600,164,16,164,0,0,0,0,Random
10.556243,0.487,40.624,164,16,20480,14600,164,16,164,0,0,0,0,Random
0.341409,0.094,40.457,65160,24,14720,14600,472048,24,13056,69,55,54,3,Random
0.243737,0.071,40.798,65160,24,14720,14600,2038784,24,13056,126,533,163,12,Random
10.342746,0.183,40.426,164,16,20480,14600,164,16,164,0,0,0,0,Random
0.316701,0.079,40.598,65160,24,14720,14600,485080,24,13056,113,271,17,11,Random
10.432995,0.321,40.226,164,16,20480,14600,164,16,164,0,0,0,0,Random
0.317839,0.081,40.736,65160,24,14720,14600,941200,24,13056,361,1312,138,27,Random
0.313041,0.083,40.315,65160,24,14720,14600,760200,24,13056,228,296,248,13,Random
10.479369,0.261,40.6,164,16,20480,14600,164,16,164,0,0,0,0,Random
10.216872,0.26,39.78,164,16,20480,14600,164,16,164,0,0,0,0,Random
0.302859,0.074,40.957,65160,24,14720,14600,616848,24,13056,335,662,301,32,Random
0.271223,0.069,40.708,65160,24,14720,14600,750064,24,13056,225,786,433,24,Random
0.244816,0.071,40.74,65160,24,14720,14600,1053672,24,13056,88,150,15,14,Random
10.41162,0.201,40.234,164,16,20480,14600,164,16,164,0,0,0,0,Random
0.254731,0.065,42.474,65160,24,14720,14600,2743960,24,13056,300,1122,213,38,Random
10.353371,0.184,39.873,164,16,20480,14600,164,16,164,0,0,0,0,Random
0.2757,0.079,40.79,65160,24,14720,14600,2198064,24,13056,209,460,192,23,Random
0.183005,0.095,11.145,52128,24,14720,14600,144800,24,13056,18,56,41,5,Random
0.308327,0.081,40.456,65160,24,14720,14600,1710088,24,13056,244,823,256,26,Random
10.322746,0.302,40.218,164,16,20480,14600,164,16,164,0,0,0,0,Random
0.369329,0.075,40.76,65160,24,14720,14600,854320,24,13056,260,629,408,35,Random
0.339452,0.112,1.476,65160,24,14720,14600,325800,24,13056,6,19,6,2,Random
10.350246,0.333,40.255,164,16,20480,14600,164,16,164,0,0,0,0,Random
1.02617,0.235,10.496,8688,24,14720,14600,30408,24,13056,0,0,0,0,Random
10.295996,0.017,39.701,164,16,20480,14600,164,16,164,0,0,0,0,Random
10.604742,0.547,40.151,164,16,20480,14600,164,16,164,0,0,0,0,Random
9.185231,0.091,40.326,164,16,20480,14600,164,16,164,0,0,0,0,Random
10.547243,0.453,40.436,164,16,20480,14600,164,16,164,0,0,0,0,Random
0.258836,0.08,40.87,65160,24,14720,14600,579200,24,13056,468,1048,367,35,Random
6.081913,0.233,40.195,164,32,20480,14600,164,32,164,0,0,0,0,Random
0.308016,0.076,40.914,65160,24,14720,14600,715312,24,13056,472,958,581,57,Random
10.39712,0.116,40.331,164,16,20480,14600,164,16,164,0,0,0,0,Random
0.267567,0.072,41.589,65160,24,14720,14600,826808,24,13056,292,1055,238,28,Random
10.341746,0.342,40.197,164,16,20480,14600,164,16,164,0,0,0,0,Random
0.301821,0.065,140.61,65160,24,14720,14600,1125096,24,13056,336,853,470,28,Random
10.540368,0.489,40.407,164,16,20480,14600,164,16,164,0,0,0,0,Random
0.357473,0.076,40.546,65160,24,14720,14600,502456,24,13056,135,393,95,18,Random
0.342164,0.093,40.819,65160,24,14720,14600,4034128,24,13056,106,149,51,12,Random
0.279677,0.067,40.864,65160,24,14720,14600,703728,24,13056,261,854,284,33,Random
10.36462,0.437,39.799,164,16,20480,14600,164,16,164,0,0,0,0,Random
10.366495,0.472,39.836,164,16,20480,14600,164,16,164,0,0,0,0,Random
10.536243,0.289,40.352,164,16,20480,14600,164,16,164,0,0,0,0,Random
10.39337,0.263,40.697,164,16,20480,14600,164,16,164,0,0,0,0,Random
0.305771,0.065,41.158,65160,24,14720,14600,1975072,24,13056,354,1466,426,29,Random
10.496619,0.54,40.061,164,16,20480,14600,164,16,164,0,0,0,0,Random
10.430745,0.279,40.483,164,16,20480,14600,164,16,164,0,0,0,0,Random
10.518494,0.392,40.681,164,16,20480,14600,164,16,164,0,0,0,0,Noflow
10.542368,0.384,40.262,164,16,20480,14600,164,16,164,0,0,0,0,Noflow
10.565868,0.308,40.033,164,16,20480,14600,164,16,164,0,0,0,0,Noflow
10.40712,0.295,39.904,164,16,20480,14600,164,16,164,0,0,0,0,Noflow
10.604117,0.303,40.496,164,16,20480,14600,164,16,164,0,0,0,0,Noflow
10.404745,0.193,40.034,164,16,20480,14600,164,16,164,0,0,0,0,Noflow
10.575118,0.454,40.562,164,16,20480,14600,164,16,164,0,0,0,0,Noflow
10.613742,0.351,40.521,164,16,20480,14600,164,16,164,0,0,0,0,Noflow
10.619242,0.285,40.285,164,16,20480,14600,164,16,164,0,0,0,0,Noflow
10.42287,0.287,40.322,164,16,20480,14600,164,16,164,0,0,0,0,Noflow
10.457369,0.442,39.913,164,16,20480,14600,164,16,164,0,0,0,0,Noflow
10.529868,0.43,40.357,164,16,20480,14600,164,16,164,0,0,0,0,Noflow
10.316246,0.279,39.902,164,16,20480,14600,164,16,164,0,0,0,0,Noflow
10.715991,0.368,40.538,164,16,20480,14600,164,16,164,0,0,0,0,Noflow
10.483369,0.288,40.558,164,16,20480,14600,164,16,164,0,0,0,0,Noflow
10.548993,0.461,40.423,164,16,20480,14600,164,16,164,0,0,0,0,Noflow
10.525368,0.407,40.536,164,16,20480,14600,164,16,164,0,0,0,0,Noflow
10.443244,0.327,40.085,164,16,20480,14600,164,16,164,0,0,0,0,Noflow
10.418745,0.19,40.433,164,16,20480,14600,164,16,164,0,0,0,0,Noflow
10.466869,0.274,40.263,164,16,20480,14600,164,16,164,0,0,0,0,Noflow
10.579493,0.364,40.533,164,16,20480,14600,164,16,164,0,0,0,0,Noflow
10.563493,0.443,40.587,164,16,20480,14600,164,16,164,0,0,0,0,Noflow
10.408495,0.356,39.806,164,16,20480,14600,164,16,164,0,0,0,0,Noflow
10.512119,0.332,40.262,164,16,20480,14600,164,16,164,0,0,0,0,Noflow
10.41387,0.406,39.966,164,16,20480,14600,164,16,164,0,0,0,0,Noflow
10.491869,0.311,40.519,164,16,20480,14600,164,16,164,0,0,0,0,Noflow
10.564243,0.342,40.541,164,16,20480,14600,164,16,164,0,0,0,0,Noflow
10.364745,0.243,40.046,164,16,20480,14600,164,16,164,0,0,0,0,Noflow
10.526118,0.322,40.684,164,16,20480,14600,164,16,164,0,0,0,0,Noflow
10.528118,0.378,40.17,164,16,20480,14600,164,16,164,0,0,0,0,Noflow
10.40712,0.327,40.047,164,16,20480,14600,164,16,164,0,0,0,0,Noflow
10.527118,0.345,40.366,164,16,20480,14600,164,16,164,0,0,0,0,Noflow
10.514494,0.307,40.495,164,16,20480,14600,164,16,164,0,0,0,0,Noflow
10.511869,0.323,40.201,164,16,20480,14600,164,16,164,0,0,0,0,Noflow
10.495619,0.297,40.352,164,16,20480,14600,164,16,164,0,0,0,0,Noflow
10.42087,0.304,40.153,164,16,20480,14600,164,16,164,0,0,0,0,Noflow
10.463119,0.467,40.27,164,16,20480,14600,164,16,164,0,0,0,0,Noflow
10.514494,0.389,40.604,164,16,20480,14600,164,16,164,0,0,0,0,Noflow
10.379495,0.328,39.872,164,16,20480,14600,164,16,164,0,0,0,0,Noflow
10.522243,0.348,40.263,164,16,20480,14600,164,16,164,0,0,0,0,Noflow
10.632117,0.323,40.539,164,16,20480,14600,164,16,164,0,0,0,0,Noflow
10.41187,0.372,40.31,164,16,20480,14600,164,16,164,0,0,0,0,Noflow
10.518744,0.403,40.63,164,16,20480,14600,164,16,164,0,0,0,0,Noflow
10.447244,0.368,40.114,164,16,20480,14600,164,16,164,0,0,0,0,Noflow
10.465994,0.307,40.415,164,16,20480,14600,164,16,164,0,0,0,0,Noflow
10.424995,0.449,39.945,164,16,20480,14600,164,16,164,0,0,0,0,Noflow
10.615492,0.287,40.638,164,16,20480,14600,164,16,164,0,0,0,0,Noflow
10.336871,0.303,39.675,164,16,20480,14600,164,16,164,0,0,0,0,Noflow
10.503744,0.392,40.536,164,16,20480,14600,164,16,164,0,0,0,0,Noflow
10.475994,0.352,40.279,164,16,20480,14600,164,16,164,0,0,0,0,Noflow
10.375745,0.256,40.165,164,16,20480,14600,164,16,164,0,0,0,0,Noflow
10.451119,0.291,40.309,164,16,20480,14600,164,16,164,0,0,0,0,Noflow
10.461994,0.323,40.154,164,16,20480,14600,164,16,164,0,0,0,0,Noflow
10.476744,0.293,40.367,164,16,20480,14600,164,16,164,0,0,0,0,Noflow
10.38462,0.219,40.003,164,16,20480,14600,164,16,164,0,0,0,0,Noflow
10.374995,0.246,40.163,164,16,20480,14600,164,16,164,0,0,0,0,Noflow
10.41837,0.342,40.016,164,16,20480,14600,164,16,164,0,0,0,0,Noflow
10.561118,0.389,40.329,164,16,20480,14600,164,16,164,0,0,0,0,Noflow
10.465869,0.414,39.959,164,16,20480,14600,164,16,164,0,0,0,0,Noflow
11.074112,0.258,40.561,164,16,20480,14600,164,16,164,0,0,0,0,Noflow
10.520243,0.422,40.451,164,16,20480,14600,164,16,164,0,0,0,0,Noflow
10.454744,0.251,40.379,164,16,20480,14600,164,16,164,0,0,0,0,Noflow
10.485369,0.387,40.547,164,16,20480,14600,164,16,164,0,0,0,0,Noflow
10.471994,0.389,40.136,164,16,20480,14600,164,16,164,0,0,0,0,Noflow
10.383495,0.269,39.827,164,16,20480,14600,164,16,164,0,0,0,0,Noflow
10.499744,0.269,40.361,164,16,20480,14600,164,16,164,0,0,0,0,Noflow
10.485744,0.361,40.493,164,16,20480,14600,164,16,164,0,0,0,0,Noflow
10.479494,0.265,40.647,164,16,20480,14600,164,16,164,0,0,0,0,Noflow
10.394245,0.338,40.122,164,16,20480,14600,164,16,164,0,0,0,0,Noflow
10.681491,0.49,40.069,164,16,20480,14600,164,16,164,0,0,0,0,Noflow
10.485244,0.364,40.02,164,16,20480,14600,164,16,164,0,0,0,0,Noflow
10.36537,0.362,39.836,164,16,20480,14600,164,16,164,0,0,0,0,Noflow
10.358496,0.381,39.75,164,16,20480,14600,164,16,164,0,0,0,0,Noflow
10.484994,0.262,40.584,164,16,20480,14600,164,16,164,0,0,0,0,Noflow
10.421995,0.348,39.726,164,16,20480,14600,164,16,164,0,0,0,0,Noflow
10.509494,0.41,40.226,164,16,20480,14600,164,16,164,0,0,0,0,Noflow
10.347871,0.285,39.711,164,16,20480,14600,164,16,164,0,0,0,0,Noflow
10.493869,0.422,40.451,164,16,20480,14600,164,16,164,0,0,0,0,Noflow
10.467244,0.381,40.036,164,16,20480,14600,164,16,164,0,0,0,0,Noflow
10.517994,0.371,40.217,164,16,20480,14600,164,16,164,0,0,0,0,Noflow
10.482119,0.342,40.601,164,16,20480,14600,164,16,164,0,0,0,0,Noflow
10.577118,0.321,40.386,164,16,20480,14600,164,16,164,0,0,0,0,Noflow
10.43912,0.357,39.933,164,16,20480,14600,164,16,164,0,0,0,0,Noflow
10.469369,0.325,40.42,164,16,20480,14600,164,16,164,0,0,0,0,Noflow
10.38287,0.261,39.848,164,16,20480,14600,164,16,164,0,0,0,0,Noflow
10.442119,0.341,40.263,164,16,20480,14600,164,16,164,0,0,0,0,Noflow
10.523243,0.436,40.315,164,16,20480,14600,164,16,164,0,0,0,0,Noflow
10.518744,0.325,40.242,164,16,20480,14600,164,16,164,0,0,0,0,Noflow
10.41912,0.188,40.172,164,16,20480,14600,164,16,164,0,0,0,0,Noflow
10.542868,0.31,40.323,164,16,20480,14600,164,16,164,0,0,0,0,Noflow
10.36512,0.297,39.68,164,16,20480,14600,164,16,164,0,0,0,0,Noflow
10.41637,0.261,40.022,164,16,20480,14600,164,16,164,0,0,0,0,Noflow
10.480619,0.265,40.377,164,16,20480,14600,164,16,164,0,0,0,0,Noflow
10.458869,0.35,40.284,164,16,20480,14600,164,16,164,0,0,0,0,Noflow
10.41287,0.323,40.001,164,16,20480,14600,164,16,164,0,0,0,0,Noflow
10.514494,0.251,40.595,164,16,20480,14600,164,16,164,0,0,0,0,Noflow
10.475619,0.412,40.139,164,16,20480,14600,164,16,164,0,0,0,0,Noflow
10.520993,0.476,40.457,164,16,20480,14600,164,16,164,0,0,0,0,Noflow
10.423745,0.356,40.051,164,16,20480,14600,164,16,164,0,0,0,0,Noflow
10.510494,0.399,40.288,164,16,20480,14600,164,16,164,0,0,0,0,Noflow
10.40337,0.356,40.07,164,16,20480,14600,164,16,164,0,0,0,0,Noflow
10.496869,0.344,40.3,164,16,20480,14600,164,16,164,0,0,0,0,Noflow
10.585743,0.485,40.443,164,16,20480,14600,164,16,164,0,0,0,0,Noflow
10.513619,0.384,40.134,164,16,20480,14600,164,16,164,0,0,0,0,Noflow
10.451119,0.386,40.125,164,16,20480,14600,164,16,164,0,0,0,0,Noflow
10.480619,0.319,40.619,164,16,20480,14600,164,16,164,0,0,0,0,Noflow
10.491119,0.293,39.961,164,16,20480,14600,164,16,164,0,0,0,0,Noflow
10.545493,0.368,40.604,164,16,20480,14600,164,16,164,0,0,0,0,Noflow
10.416995,0.387,40.084,164,16,20480,14600,164,16,164,0,0,0,0,Noflow
10.587493,0.508,40.51,164,16,20480,14600,164,16,164,0,0,0,0,Noflow
10.40812,0.38,40.366,164,16,20480,14600,164,16,164,0,0,0,0,Noflow
10.42012,0.334,40.039,164,16,20480,14600,164,16,164,0,0,0,0,Noflow
10.451744,0.419,40.012,164,16,20480,14600,164,16,164,0,0,0,0,Noflow
10.469744,0.291,40.35,164,16,20480,14600,164,16,164,0,0,0,0,Noflow
10.419495,0.416,39.944,164,16,20480,14600,164,16,164,0,0,0,0,Noflow
10.580118,0.328,40.452,164,16,20480,14600,164,16,164,0,0,0,0,Noflow
10.459494,0.408,40.079,164,16,20480,14600,164,16,164,0,0,0,0,Noflow
10.477119,0.319,40.322,164,16,20480,14600,164,16,164,0,0,0,0,Noflow
10.350121,0.272,39.872,164,16,20480,14600,164,16,164,0,0,0,0,Noflow
10.329871,0.252,39.941,164,16,20480,14600,164,16,164,0,0,0,0,loss1%
10.357121,0.262,40.354,164,16,20480,14600,164,16,164,0,0,0,0,loss1%
10.294246,0.206,39.812,164,16,20480,14600,164,16,164,0,0,0,0,loss1%
10.388495,0.284,39.904,164,16,20480,14600,164,16,164,0,0,0,0,loss1%
10.493619,0.355,40.509,164,16,20480,14600,164,16,164,0,0,0,0,loss1%
10.41087,0.314,40.46,164,16,20480,14600,164,16,164,0,0,0,0,loss1%
10.349621,0.247,40.037,164,16,20480,14600,164,16,164,0,0,0,0,loss1%
10.333996,0.218,40.387,164,16,20480,14600,164,16,164,0,0,0,0,loss1%
10.185623,0.158,39.615,164,16,20480,14600,164,16,164,0,0,0,0,loss1%
10.355246,0.318,40.354,164,16,20480,14600,164,16,164,0,0,0,0,loss1%
10.212372,0.157,40.236,164,16,20480,14600,164,16,164,0,0,0,0,loss1%
10.269622,0.231,39.957,164,16,20480,14600,164,16,164,0,0,0,0,loss1%
10.292996,0.339,39.845,164,16,20480,14600,164,16,164,0,0,0,0,loss1%
10.319246,0.187,40.117,164,16,20480,14600,164,16,164,0,0,0,0,loss1%
10.443994,0.24,40.275,164,16,20480,14600,164,16,164,0,0,0,0,loss1%
10.418745,0.424,40.259,164,16,20480,14600,164,16,164,0,0,0,0,loss1%
10.164623,0.136,39.801,164,16,20480,14600,164,16,164,0,0,0,0,loss1%
10.340996,0.303,40.372,164,16,20480,14600,164,16,164,0,0,0,0,loss1%
10.408745,0.365,40.137,164,16,20480,14600,164,16,164,0,0,0,0,loss1%
11.67669,0.144,40.065,112,16,20480,14600,112,16,0,0,0,0,0,loss1%
10.482869,0.306,40.524,164,16,20480,14600,164,16,164,0,0,0,0,loss1%
10.371995,0.354,40.432,164,16,20480,14600,164,16,164,0,0,0,0,loss1%
10.274122,0.202,39.676,164,16,20480,14600,164,16,164,0,0,0,0,loss1%
10.311121,0.204,40.295,164,16,20480,14600,164,16,164,0,0,0,0,loss1%
10.335371,0.199,40.812,164,16,20480,14600,164,16,164,0,0,0,0,loss1%
10.36612,0.34,40.441,164,16,20480,14600,164,16,164,0,0,0,0,loss1%
10.42587,0.403,40.29,164,16,20480,14600,164,16,164,0,0,0,0,loss1%
10.251122,0.21,39.918,164,16,20480,14600,164,16,164,0,0,0,0,loss1%
10.280996,0.26,39.917,164,16,20480,14600,164,16,164,0,0,0,0,loss1%
10.263872,0.119,39.914,164,16,20480,14600,164,16,164,0,0,0,0,loss1%
10.323871,0.26,39.914,164,16,20480,14600,164,16,164,0,0,0,0,loss1%
10.463869,0.288,40.334,164,16,20480,14600,164,16,164,0,0,0,0,loss1%
10.43512,0.34,40.695,164,16,20480,14600,164,16,164,0,0,0,0,loss1%
10.804365,0.258,40.4,164,16,20480,14600,164,16,164,0,0,0,0,loss1%
10.479619,0.316,40.47,164,16,20480,14600,164,16,164,0,0,0,0,loss1%
10.525868,0.449,40.427,164,16,20480,14600,164,16,164,0,0,0,0,loss1%
10.468494,0.133,40.252,164,16,20480,14600,164,16,164,0,0,0,0,loss1%
10.461869,0.417,40.244,164,16,20480,14600,164,16,164,0,0,0,0,loss1%
11.872116,0.252,40.523,164,16,17536,14600,164,16,164,0,0,0,0,loss1%
10.421495,0.353,40.215,164,16,20480,14600,164,16,164,0,0,0,0,loss1%
10.448994,0.292,40.49,164,16,20480,14600,164,16,164,0,0,0,0,loss1%
10.363495,0.379,40.027,164,16,20480,14600,164,16,164,0,0,0,0,loss1%
10.397745,0.352,40.099,164,16,20480,14600,164,16,164,0,0,0,0,loss1%
10.356996,0.352,40.007,164,16,20480,14600,164,16,164,0,0,0,0,loss1%
10.547368,0.309,40.715,164,16,20480,14600,164,16,164,0,0,0,0,loss1%
10.589868,0.339,40.476,164,16,20480,14600,164,16,164,0,0,0,0,loss1%
10.335871,0.217,39.944,164,16,20480,14600,164,16,164,0,0,0,0,loss1%
10.204997,0.13,40.077,164,16,20480,14600,164,16,164,0,0,0,0,loss1%
10.420745,0.375,40.204,164,16,20480,14600,164,16,164,0,0,0,0,loss1%
10.444744,0.376,40.562,164,16,20480,14600,164,16,164,0,0,0,0,loss1%
10.462494,0.406,40.273,164,16,20480,14600,164,16,164,0,0,0,0,loss1%
10.41212,0.324,40.208,164,16,20480,14600,164,16,164,0,0,0,0,loss1%
10.486119,0.273,40.678,164,16,20480,14600,164,16,164,0,0,0,0,loss1%
10.293996,0.322,40.165,164,16,20480,14600,164,16,164,0,0,0,0,loss1%
13.840603,0.579,40.472,164,16,20480,14600,164,16,164,0,0,0,0,loss1%
10.498369,0.328,40.724,164,16,20480,14600,164,16,164,0,0,0,0,loss1%
10.465119,0.257,40.285,164,16,20480,14600,164,16,164,0,0,0,0,loss1%
10.280996,0.33,39.766,164,16,20480,14600,164,16,164,0,0,0,0,loss1%
10.315121,0.226,40.081,164,16,20480,14600,164,16,164,0,0,0,0,loss1%
10.466869,0.317,40.491,164,16,20480,14600,164,16,164,0,0,0,0,loss1%
10.405995,0.391,39.986,164,16,20480,14600,164,16,164,0,0,0,0,loss1%
10.301746,0.362,39.862,164,16,20480,14600,164,16,164,0,0,0,0,loss1%
6.10277,0.27,40.224,164,16,20480,14600,164,16,164,0,0,0,0,loss1%
10.38812,0.379,40.003,164,16,20480,14600,164,16,164,0,0,0,0,loss1%
10.364245,0.221,39.94,164,16,20480,14600,164,16,164,0,0,0,0,loss1%
10.323371,0.285,40.296,164,16,20480,14600,164,16,164,0,0,0,0,loss1%
10.431495,0.404,39.997,164,16,20480,14600,164,16,164,0,0,0,0,loss1%
10.446369,0.422,40.41,164,16,20480,14600,164,16,164,0,0,0,0,loss1%
10.361245,0.335,40.102,164,16,20480,14600,164,16,164,0,0,0,0,loss1%
10.39312,0.307,40.205,164,16,20480,14600,164,16,164,0,0,0,0,loss1%
10.334996,0.236,39.911,164,16,20480,14600,164,16,164,0,0,0,0,loss1%
10.336121,0.155,40.035,164,16,20480,14600,164,16,164,0,0,0,0,loss1%
10.449869,0.316,40.293,164,16,20480,14600,164,16,164,0,0,0,0,loss1%
10.333871,0.329,39.847,164,16,20480,14600,164,16,164,0,0,0,0,loss1%
6.240339,0.235,39.937,164,16,20480,14600,164,16,164,0,0,0,0,loss1%
10.564368,0.383,40.636,164,16,20480,14600,164,16,164,0,0,0,0,loss1%
10.450119,0.337,40.204,164,16,20480,14600,164,16,164,0,0,0,0,loss1%
10.378745,0.306,40.488,164,16,20480,14600,164,16,164,0,0,0,0,loss1%
10.448494,0.283,40.411,164,16,20480,14600,164,16,164,0,0,0,0,loss1%
10.484119,0.276,40.394,164,16,20480,14600,164,16,164,0,0,0,0,loss1%
10.537368,0.28,40.734,164,16,20480,14600,164,16,164,0,0,0,0,loss1%
10.304371,0.312,40.061,164,16,20480,14600,164,16,164,0,0,0,0,loss1%
10.439995,0.248,40.542,164,16,20480,14600,164,16,164,0,0,0,0,loss1%
10.899364,0.257,43.987,164,16,20480,14600,164,16,164,0,0,0,0,loss1%
10.38512,0.441,40.134,164,16,20480,14600,164,16,164,0,0,0,0,loss1%
10.419745,0.362,40.332,164,16,20480,14600,164,16,164,0,0,0,0,loss1%
10.418495,0.371,40.169,164,16,20480,14600,164,16,164,0,0,0,0,loss1%
10.306371,0.307,40.064,164,16,20480,14600,164,16,164,0,0,0,0,loss1%
10.407995,0.355,40.474,164,16,20480,14600,164,16,164,0,0,0,0,loss1%
10.354496,0.257,40.278,164,16,20480,14600,164,16,164,0,0,0,0,loss1%
10.466869,0.257,40.432,164,16,20480,14600,164,16,164,0,0,0,0,loss1%
12.053542,0.34,41.491,164,16,20480,14600,164,16,164,1,0,0,0,loss1%
10.323996,0.34,39.862,164,16,20480,14600,164,16,164,0,0,0,0,loss1%
0.532473,0.516,0.549,0,0,14720,14600,0,0,0,0,0,0,0,loss1%
10.430495,0.378,40.403,164,16,20480,14600,164,16,164,0,0,0,0,loss1%
1686.669917,0.375,13410.998,164,16,20480,14600,164,16,164,0,0,0,0,loss1%
10.502619,0.286,40.484,164,16,20480,14600,164,16,164,0,0,0,0,loss1%
10.37262,0.259,40.076,164,16,20480,14600,164,16,164,0,0,0,0,loss1%
10.38712,0.372,40.288,164,16,20480,14600,164,16,164,0,0,0,0,loss1%
10.37212,0.289,40.149,164,16,20480,14600,164,16,164,0,0,0,0,loss1%
10.448369,0.307,40.325,164,16,20480,14600,164,16,164,0,0,0,0,loss1%
10.312871,0.314,39.801,164,16,20480,14600,164,16,164,0,0,0,0,loss1%
10.287371,0.131,40.541,164,16,20480,14600,164,16,164,0,0,0,0,loss1%
10.393245,0.272,40.759,164,16,20480,14600,164,16,164,0,0,0,0,loss1%
10.359371,0.271,39.905,164,16,20480,14600,164,16,164,0,0,0,0,loss1%
10.43637,0.391,40.132,164,16,20480,14600,164,16,164,0,0,0,0,loss1%
10.359121,0.302,40.29,164,16,20480,14600,164,16,164,0,0,0,0,loss1%
10.555243,0.398,40.483,164,16,20480,14600,164,16,164,0,0,0,0,loss1%
10.41587,0.209,40.342,164,16,20480,14600,164,16,164,0,0,0,0,loss1%
10.426495,0.455,40.324,164,16,20480,14600,164,16,164,0,0,0,0,loss1%
10.504619,0.461,40.431,164,16,20480,14600,164,16,164,0,0,0,0,loss1%
10.457994,0.361,40.285,164,16,20480,14600,164,16,164,0,0,0,0,loss1%
10.347496,0.345,40.077,164,16,20480,14600,164,16,164,0,0,0,0,loss1%
6.190912,0.421,40.228,164,16,20480,14600,164,16,164,0,0,0,0,loss1%
10.40412,0.328,40.209,164,16,20480,14600,164,16,164,0,0,0,0,loss1%
10.447619,0.286,40.545,164,16,20480,14600,164,16,164,0,0,0,0,loss1%
10.524243,0.462,40.099,164,16,20480,14600,164,16,164,0,0,0,0,loss1%
10.500994,0.269,40.417,164,16,20480,14600,164,16,164,0,0,0,0,loss1%
10.413245,0.469,40.077,164,16,20480,14600,164,16,164,0,0,0,0,loss1%
10.342621,0.143,40.162,164,16,20480,14600,164,16,164,0,0,0,0,loss1%
10.38062,0.383,40.137,164,16,20480,14600,164,16,164,0,0,0,0,loss5%
10.544118,0.471,40.479,164,16,20480,14600,164,16,164,0,0,0,0,loss5%
15.60643,0.302,41.312,164,16,20480,14600,164,16,164,0,0,0,0,loss5%
6.112198,0.233,40.159,164,16,20480,14600,164,16,164,1,0,0,0,loss5%
10.550493,0.366,40.799,164,16,20480,14600,164,16,164,0,0,0,0,loss5%
10.307746,0.485,39.648,164,16,20480,14600,164,16,164,0,0,0,0,loss5%
10.484994,0.328,40.579,164,16,20480,14600,164,16,164,0,0,0,0,loss5%
7.069049,0.288,39.949,164,16,20480,14600,164,16,164,2,0,0,0,loss5%
10.419995,0.233,40.356,164,16,17536,14600,164,16,164,0,0,0,0,loss5%
0.459977,0.422,0.498,0,0,14720,14600,0,0,0,0,0,0,0,loss5%
10.475619,0.452,40.234,164,16,20480,14600,164,16,164,0,0,0,0,loss5%
10.572993,0.421,40.612,164,16,20480,14600,164,16,164,0,0,0,0,loss5%
6.238768,0.542,39.654,164,16,20480,14600,164,16,164,1,0,0,0,loss5%
10.605742,0.297,41.628,164,16,20480,14600,164,16,164,0,0,0,0,loss5%
10.355121,0.33,39.792,164,16,20480,14600,164,16,164,0,0,0,0,loss5%
10.422495,0.323,40.527,164,16,20480,14600,164,16,164,0,0,0,0,loss5%
10.400245,0.438,40.364,164,16,20480,14600,164,16,164,0,0,0,0,loss5%
10.37862,0.482,40.065,164,16,20480,14600,164,16,164,0,0,0,0,loss5%
6.088913,0.272,39.698,164,16,20480,14600,164,16,164,1,0,0,0,loss5%
10.37987,0.385,40.238,164,16,20480,14600,164,16,164,0,0,0,0,loss5%
10.464619,0.331,40.061,164,16,20480,14600,164,16,164,0,0,0,0,loss5%
10.576493,0.397,41.055,164,16,20480,14600,164,16,164,0,0,0,0,loss5%
36.068049,0.454,205.955,164,16,20480,14600,164,16,164,0,0,0,0,loss5%
10.507869,0.314,40.413,164,16,20480,14600,164,16,164,0,0,0,0,loss5%
10.334371,0.136,40.452,164,16,20480,14600,164,16,164,0,0,0,0,loss5%
6.117198,0.446,39.591,164,16,20480,14600,164,16,164,1,0,0,0,loss5%
10.461744,0.45,40.37,164,16,17536,14600,164,16,164,0,0,0,0,loss5%
10.477994,0.285,40.445,164,16,20480,14600,164,16,164,0,0,0,0,loss5%
10.444619,0.274,40.533,164,16,20480,14600,164,16,164,0,0,0,0,loss5%
10.576368,0.436,40.617,164,16,20480,14600,164,16,164,0,0,0,0,loss5%
6.204626,0.454,40.18,164,16,20480,14600,164,16,164,2,0,0,0,loss5%
10.524993,0.285,40.297,164,16,20480,14600,164,16,164,0,0,0,0,loss5%
10.37087,0.25,40.255,164,16,20480,14600,164,16,164,0,0,0,0,loss5%
10.461494,0.391,40.338,164,16,20480,14600,164,16,164,0,0,0,0,loss5%
11.669833,0.379,39.716,164,16,17536,14600,164,16,164,1,0,0,0,loss5%
10.370495,0.294,40.046,164,16,20480,14600,164,16,164,0,0,0,0,loss5%
10.39062,0.257,40.092,164,16,20480,14600,164,16,164,0,0,0,0,loss5%
10.549118,0.467,40.392,164,16,20480,14600,164,16,164,0,0,0,0,loss5%
10.482494,0.44,40.475,164,16,17536,14600,164,16,164,0,0,0,0,loss5%
10.385745,0.274,40.268,164,16,20480,14600,164,16,164,0,0,0,0,loss5%
10.614242,0.303,40.535,164,16,20480,14600,164,16,164,0,0,0,0,loss5%
10.43612,0.257,40.16,164,16,20480,14600,164,16,164,0,0,0,0,loss5%
10.283496,0.404,40.115,164,16,20480,14600,164,16,164,0,0,0,0,loss5%
10.458369,0.437,40.608,164,16,20480,14600,164,16,164,0,0,0,0,loss5%
10.261497,0.305,39.992,164,16,17536,14600,164,16,164,0,0,0,0,loss5%
10.524493,0.453,40.112,164,16,20480,14600,164,16,164,0,0,0,0,loss5%
10.348871,0.221,40.059,164,16,20480,14600,164,16,164,0,0,0,0,loss5%
10.529743,0.439,40.406,164,16,20480,14600,164,16,164,0,0,0,0,loss5%
10.457119,0.283,40.677,164,16,20480,14600,164,16,164,0,0,0,0,loss5%
6.066342,0.246,40.129,164,16,20480,14600,164,16,164,1,0,0,0,loss5%
10.451244,0.337,40.441,164,16,20480,14600,164,16,164,0,0,0,0,loss5%
10.454744,0.288,40.36,164,16,20480,14600,164,16,164,0,0,0,0,loss5%
6.135198,0.459,39.616,164,16,20480,14600,164,1,164,0,0,0,0,loss5%
10.480119,0.429,40.445,164,16,20480,14600,164,16,164,0,0,0,0,loss5%
10.563368,0.396,40.155,164,16,20480,14600,164,16,164,0,0,0,0,loss5%
6.185769,0.307,40.357,164,16,20480,14600,164,16,164,3,0,0,0,loss5%
11.603691,0.282,39.836,164,16,20480,14600,164,16,164,1,0,0,0,loss5%
10.308746,0.187,40.091,164,16,20480,14600,164,16,164,0,0,0,0,loss5%
10.43412,0.414,40.269,164,16,20480,14600,164,16,164,0,0,0,0,loss5%
10.43062,0.391,40.348,164,16,20480,14600,164,16,164,0,0,0,0,loss5%
10.298371,0.32,39.948,164,16,20480,14600,164,16,164,0,0,0,0,loss5%
10.42387,0.328,40.28,164,16,20480,14600,164,16,164,0,0,0,0,loss5%
10.37712,0.325,40.533,164,16,20480,14600,164,16,164,0,0,0,0,loss5%
10.341496,0.301,39.997,164,16,20480,14600,164,16,164,0,0,0,0,loss5%
7.241713,0.507,40.203,164,16,20480,14600,164,16,164,0,0,0,0,loss5%
10.496244,0.428,40.433,164,16,20480,14600,164,16,164,0,0,0,0,loss5%
10.372745,0.482,39.841,164,16,20480,14600,164,16,164,0,0,0,0,loss5%
10.491369,0.408,40.407,164,16,20480,14600,164,16,164,0,0,0,0,loss5%
10.345371,0.311,40.316,164,16,20480,14600,164,16,164,0,0,0,0,loss5%
10.349121,0.323,40.262,164,16,20480,14600,164,16,164,0,0,0,0,loss5%
10.763865,0.402,40.998,164,16,20480,14600,164,16,164,0,0,0,0,loss5%
10.452994,0.324,40.5,164,16,20480,14600,164,16,164,0,0,0,0,loss5%
10.594993,0.284,40.415,164,16,17536,14600,164,16,164,0,0,0,0,loss5%
10.36562,0.294,40.288,164,16,20480,14600,164,16,164,0,0,0,0,loss5%
10.391995,0.223,40.452,164,16,20480,14600,164,16,164,0,0,0,0,loss5%
10.470244,0.421,40.704,164,16,20480,14600,164,16,164,0,0,0,0,loss5%
10.337496,0.319,40.114,164,16,17536,14600,164,16,164,0,0,0,0,loss5%
6.222054,0.295,40.194,164,16,20480,14600,164,16,164,1,0,0,0,loss5%
10.422495,0.434,40.116,164,16,20480,14600,164,16,164,0,0,0,0,loss5%
10.435245,0.536,40.212,164,16,20480,14600,164,16,164,0,0,0,0,loss5%
10.42412,0.389,40.533,164,16,20480,14600,164,16,164,0,0,0,0,loss5%
10.452494,0.48,40.264,164,16,20480,14600,164,16,164,0,0,0,0,loss5%
10.465244,0.314,40.391,164,16,20480,14600,164,16,164,0,0,0,0,loss5%
11.972258,0.48,40.705,164,16,20480,14600,164,16,164,1,0,0,0,loss5%
10.318621,0.322,39.982,164,16,20480,14600,164,16,164,0,0,0,0,loss5%
11.922973,0.444,40.748,164,16,20480,14600,164,16,164,1,0,0,0,loss5%
6.094342,0.381,39.807,164,16,17536,14600,164,16,164,1,0,0,0,loss5%
6.428765,0.42,40.233,164,16,20480,14600,164,16,164,1,0,0,0,loss5%
10.404995,0.32,40.247,164,16,20480,14600,164,16,164,0,0,0,0,loss5%
10.317996,0.289,40.096,164,16,20480,14600,164,16,164,0,0,0,0,loss5%
135.426432,0.401,999.826,164,16,20480,14600,164,16,164,0,0,0,0,loss5%
10.444619,0.432,40.134,164,16,20480,14600,164,16,164,0,0,0,0,loss5%
10.490244,0.415,40.35,164,16,20480,14600,164,1,164,0,0,0,0,loss5%
6.138627,0.491,39.633,164,16,20480,14600,164,16,164,1,0,0,0,loss5%
10.296746,0.315,39.731,164,16,20480,14600,164,16,164,0,0,0,0,loss5%
10.476619,0.343,40.571,164,16,20480,14600,164,16,164,0,0,0,0,loss5%
10.40162,0.349,40.355,164,16,20480,14600,164,16,164,0,0,0,0,loss5%
10.510119,0.537,40.383,164,16,20480,14600,164,16,164,0,0,0,0,loss5%
10.358871,0.239,40.436,164,16,20480,14600,164,16,164,0,0,0,0,loss5%
6.519907,0.281,40.31,164,16,20480,14600,164,16,164,1,0,0,0,loss5%
10.471869,0.427,40.317,164,16,20480,14600,164,16,164,0,0,0,0,loss5%
10.465494,0.342,40.585,164,16,20480,14600,164,16,164,0,0,0,0,loss5%
10.410745,0.4,40.1,164,16,20480,14600,164,16,164,0,0,0,0,loss5%
10.379245,0.342,40.24,164,16,20480,14600,164,16,164,0,0,0,0,loss5%
10.320371,0.301,39.929,164,16,20480,14600,164,16,164,0,0,0,0,loss5%
10.463994,0.376,40.635,164,16,20480,14600,164,16,164,0,0,0,0,loss5%
6.97705,0.269,39.922,164,16,20480,14600,164,16,164,2,0,0,0,loss5%
6.132627,0.306,39.932,164,16,20480,14600,164,16,164,1,0,0,0,loss5%
10.40587,0.321,40.602,164,16,20480,14600,164,16,164,0,0,0,0,loss5%
11.751546,0.397,40.149,164,16,20480,14600,164,16,164,1,0,0,0,loss5%
10.43212,0.361,40.612,164,16,17536,14600,164,16,164,0,0,0,0,loss5%
10.379245,0.406,40.094,164,16,20480,14600,164,16,164,0,0,0,0,loss5%
10.41537,0.213,40.304,164,16,20480,14600,164,16,164,0,0,0,0,loss5%
10.602617,0.484,39.954,164,16,20480,14600,164,1,164,0,0,0,0,loss5%
10.242622,0.332,39.747,164,16,20480,14600,164,16,164,0,0,0,0,loss5%
10.537118,0.314,40.753,164,16,20480,14600,164,16,164,0,0,0,0,loss5%
11.887402,0.318,40.408,164,16,17536,14600,164,16,164,1,0,0,0,loss5%
6.231054,0.329,39.5,164,16,20480,14600,164,16,164,1,0,0,0,loss5%
11.385983,0.316,40.159,164,16,20480,14600,164,16,164,0,0,0,0,loss5%
11.756689,0.196,40.073,112,16,20480,14600,112,16,0,0,0,0,0,pDup1%
10.40387,0.426,40.294,164,16,20480,14600,164,16,164,0,0,0,0,pDup1%
10.475744,0.334,40.383,164,16,20480,14600,164,16,164,0,0,0,0,pDup1%
10.520868,0.306,40.292,164,16,20480,14600,164,16,164,0,0,0,0,pDup1%
10.198123,0.226,39.735,164,16,20480,14600,164,16,164,0,0,0,0,pDup1%
10.42137,0.241,40.634,164,16,20480,14600,164,16,164,0,0,0,0,pDup1%
10.329121,0.309,40.016,164,16,20480,14600,164,16,164,0,0,0,0,pDup1%
10.413745,0.291,40.265,164,16,20480,14600,164,16,164,0,0,0,0,pDup1%
10.334246,0.397,40.018,164,16,20480,14600,164,16,164,0,0,0,0,pDup1%
10.343121,0.371,40.322,164,16,20480,14600,164,16,164,0,0,0,0,pDup1%
10.349746,0.363,39.906,164,16,20480,14600,164,16,164,0,0,0,0,pDup1%
10.83999,0.386,40.504,164,16,20480,14600,164,16,164,0,0,0,0,pDup1%
10.277247,0.184,40.076,164,16,20480,14600,164,16,164,0,0,0,0,pDup1%
10.382245,0.34,40.407,164,16,20480,14600,164,16,164,0,0,0,0,pDup1%
10.460244,0.281,40.348,164,16,20480,14600,164,16,164,0,0,0,0,pDup1%
10.448244,0.4,40.5,164,16,20480,14600,164,16,164,0,0,0,0,pDup1%
10.359121,0.252,40.127,164,16,20480,14600,164,16,164,0,0,0,0,pDup1%
10.406995,0.354,40.392,164,16,20480,14600,164,16,164,0,0,0,0,pDup1%
5.402557,0.27,39.963,164,16,20480,14600,164,16,164,0,0,0,0,pDup1%
11.57512,0.326,39.6,164,16,20480,14600,164,16,164,0,0,0,0,pDup1%
10.36787,0.261,40.056,164,16,20480,14600,164,16,164,0,0,0,0,pDup1%
5.452182,0.233,40.257,164,16,20480,14600,164,16,164,0,0,0,0,pDup1%
5.447182,0.288,40.356,164,16,20480,14600,164,16,164,0,0,0,0,pDup1%
10.445369,0.42,40.411,164,16,20480,14600,164,16,164,0,0,0,0,pDup1%
10.294996,0.293,40.109,164,16,20480,14600,164,16,164,0,0,0,0,pDup1%
10.475619,0.417,40.462,164,16,20480,14600,164,16,164,0,0,0,0,pDup1%
6.113913,0.249,39.872,164,16,20480,14600,164,16,164,0,0,0,0,pDup1%
10.496244,0.308,40.378,164,16,20480,14600,164,16,164,0,0,0,0,pDup1%
10.41412,0.361,39.937,164,16,20480,14600,164,16,164,0,0,0,0,pDup1%
10.304371,0.348,39.8,164,16,20480,14600,164,16,164,0,0,0,0,pDup1%
10.352496,0.279,40.054,164,16,20480,14600,164,16,164,0,0,0,0,pDup1%
10.413995,0.244,40.158,164,16,20480,14600,164,16,164,0,0,0,0,pDup1%
10.460244,0.292,40.224,164,16,20480,14600,164,16,164,0,0,0,0,pDup1%
10.41162,0.159,40.143,164,16,20480,14600,164,16,164,0,0,0,0,pDup1%
10.421245,0.204,40.547,164,16,20480,14600,164,16,164,0,0,0,0,pDup1%
10.347121,0.188,39.89,164,16,20480,14600,164,16,164,0,0,0,0,pDup1%
10.420245,0.346,40.104,164,16,20480,14600,164,16,164,0,0,0,0,pDup1%
10.480744,0.385,40.488,164,16,20480,14600,164,16,164,0,0,0,0,pDup1%
10.368995,0.279,40.241,164,16,20480,14600,164,16,164,0,0,0,0,pDup1%
10.299871,0.192,40.243,164,16,20480,14600,164,16,164,0,0,0,0,pDup1%
10.322996,0.255,40.21,164,16,20480,14600,164,16,164,0,0,0,0,pDup1%
5.459057,0.306,40.414,164,16,20480,14600,164,16,164,0,0,0,0,pDup1%
10.651117,0.419,39.945,164,16,20480,14600,164,16,164,0,0,0,0,pDup1%
10.375495,0.272,40.272,164,16,20480,14600,164,16,164,0,0,0,0,pDup1%
10.365745,0.4,39.933,164,16,20480,14600,164,16,164,0,0,0,0,pDup1%
10.39212,0.371,40.348,164,16,20480,14600,164,16,164,0,0,0,0,pDup1%
10.181373,0.174,40.105,164,16,20480,14600,164,16,164,0,0,0,0,pDup1%
15.342683,0.321,40.352,164,16,20480,14600,164,16,164,0,0,0,0,pDup1%
10.499744,0.31,40.721,164,16,20480,14600,164,16,164,0,0,0,0,pDup1%
10.356621,0.349,40.15,164,16,20480,14600,164,16,164,0,0,0,0,pDup1%
10.352371,0.368,39.894,164,16,20480,14600,164,16,164,0,0,0,0,pDup1%
10.41187,0.293,40.548,164,16,20480,14600,164,16,164,0,0,0,0,pDup1%
10.410245,0.353,40.395,164,16,20480,14600,164,16,164,0,0,0,0,pDup1%
10.37112,0.359,40.33,164,16,20480,14600,164,16,164,0,0,0,0,pDup1%
10.351496,0.317,40.005,164,16,20480,14600,164,16,164,0,0,0,0,pDup1%
10.363495,0.268,40.169,164,16,20480,14600,164,16,164,0,0,0,0,pDup1%
13.008837,0.484,40.423,164,16,20480,14600,164,16,164,0,0,0,0,pDup1%
10.291746,0.145,39.764,164,16,20480,14600,164,16,164,0,0,0,0,pDup1%
10.307121,0.286,39.86,164,16,20480,14600,164,16,164,0,0,0,0,pDup1%
10.107874,0.132,39.84,164,16,20480,14600,164,16,164,0,0,0,0,pDup5%
10.38187,0.307,40.53,164,16,17536,14600,164,16,164,0,0,0,0,pDup5%
10.37737,0.395,40.035,164,16,20480,14600,164,16,164,0,0,0,0,pDup5%
10.38787,0.3,40.096,164,16,20480,14600,164,16,164,0,0,0,0,pDup5%
10.315371,0.189,40.034,164,16,20480,14600,164,16,164,0,0,0,0,pDup5%
10.577368,0.355,40.428,164,16,20480,14600,164,16,164,0,0,0,0,pDup5%
10.481369,0.264,40.371,164,16,20480,14600,164,16,164,0,0,0,0,pDup5%
5.327683,0.267,39.973,164,16,20480,14600,164,16,164,0,0,0,0,pDup5%
10.375995,0.356,40.393,164,16,20480,14600,164,16,164,0,0,0,0,pDup5%
10.42612,0.294,39.963,164,16,20480,14600,164,16,164,0,0,0,0,pDup5%
10.38987,0.41,40.334,164,16,20480,14600,164,16,164,0,0,0,0,pDup5%
10.326246,0.222,39.932,164,16,20480,14600,164,16,164,0,0,0,0,pDup5%
10.366245,0.359,40.401,164,16,20480,14600,164,16,164,0,0,0,0,pDup5%
10.397745,0.227,40.386,164,16,20480,14600,164,16,164,0,0,0,0,pDup5%
5.413182,0.398,39.888,164,16,20480,14600,164,16,164,0,0,0,0,pDup5%
10.37612,0.322,40.022,164,16,17536,14600,164,16,164,0,0,0,0,pDup5%
10.344496,0.405,40.296,164,16,20480,14600,164,16,164,0,0,0,0,pDup5%
10.367995,0.228,40.169,164,16,20480,14600,164,16,164,0,0,0,0,pDup5%
10.340871,0.36,39.975,164,16,20480,14600,164,16,164,0,0,0,0,pDup5%
5.359808,0.271,39.89,164,16,20480,14600,164,16,164,0,0,0,0,pDup5%
10.507619,0.276,40.78,164,16,20480,14600,164,16,164,0,0,0,0,pDup5%
10.377245,0.345,40.352,164,16,20480,14600,164,16,164,0,0,0,0,pDup5%
10.398995,0.347,40.48,164,16,20480,14600,164,16,164,0,0,0,0,pDup5%
10.382245,0.393,40.203,164,16,20480,14600,164,16,164,0,0,0,0,pDup5%
10.308871,0.195,40.099,164,16,20480,14600,164,16,164,0,0,0,0,pDup5%
10.40887,0.301,40.046,164,16,20480,14600,164,16,164,0,0,0,0,pDup5%
10.531243,0.376,40.527,164,16,20480,14600,164,16,164,0,0,0,0,pDup5%
10.40412,0.321,40.565,164,16,20480,14600,164,16,164,0,0,0,0,pDup5%
10.372495,0.321,40.235,164,16,20480,14600,164,16,164,0,0,0,0,pDup5%
10.353871,0.352,40.183,164,16,20480,14600,164,16,164,0,0,0,0,pDup5%
11.686119,0.229,40.13,164,16,20480,14600,164,16,164,0,0,0,0,pDup5%
10.546118,0.526,40.398,164,16,20480,14600,164,16,164,0,0,0,0,pDup5%
10.38587,0.232,40.474,164,16,20480,14600,164,16,164,0,0,0,0,pDup5%
10.324496,0.324,39.772,164,16,20480,14600,164,16,164,0,0,0,0,pDup5%
10.261747,0.382,39.568,164,16,20480,14600,164,16,164,0,0,0,0,pDup5%
10.42662,0.35,40.453,164,16,20480,14600,164,16,164,0,0,0,0,pDup5%
10.462244,0.373,40.332,164,16,20480,14600,164,16,164,0,0,0,0,pDup5%
10.42237,0.342,40.371,164,16,20480,14600,164,16,164,0,0,0,0,pDup5%
10.332246,0.395,39.892,164,16,20480,14600,164,16,164,0,0,0,0,pDup5%
6.489336,0.425,40.013,164,16,20480,14600,164,16,164,0,0,0,0,pDup5%
10.330621,0.258,40.235,164,16,20480,14600,164,16,164,0,0,0,0,pDup5%
10.249372,0.218,40.023,164,16,20480,14600,164,16,164,0,0,0,0,pDup5%
10.359121,0.304,40.384,164,16,20480,14600,164,16,164,0,0,0,0,pDup5%
10.429995,0.272,40.291,164,16,20480,14600,164,16,164,0,0,0,0,pDup5%
10.519244,0.413,40.547,164,16,20480,14600,164,16,164,0,0,0,0,pDup5%
10.314121,0.338,40.134,164,16,20480,14600,164,16,164,0,0,0,0,pDup5%
10.469494,0.31,40.561,164,16,20480,14600,164,16,164,0,0,0,0,pDup5%
10.321621,0.455,39.719,164,16,20480,14600,164,16,164,0,0,0,0,pDup5%
10.513869,0.397,40.261,164,16,20480,14600,164,16,164,0,0,0,0,pDup5%
10.380745,0.22,40.391,164,16,20480,14600,164,16,164,0,0,0,0,pDup5%
10.536493,0.225,40.446,164,16,20480,14600,164,16,164,0,0,0,0,pDup5%
10.332746,0.366,40.077,164,16,20480,14600,164,16,164,0,0,0,0,pDup5%
10.334996,0.365,40.073,164,16,20480,14600,164,16,164,0,0,0,0,pDup5%
11.925972,0.291,40.611,112,16,20480,14600,112,16,0,0,0,0,0,pDup5%
10.456994,0.406,40.308,164,16,20480,14600,164,16,164,0,0,0,0,pDup5%
10.322871,0.215,40.193,164,16,20480,14600,164,16,164,0,0,0,0,pDup5%
6.120055,0.281,40.294,164,32,20480,14600,164,32,164,0,0,0,0,pDup5%
11.735689,0.301,39.873,164,16,20480,14600,164,16,164,0,0,0,0,pDup5%
10.351871,0.362,40.253,164,16,20480,14600,164,16,164,0,0,0,0,pDup5%
10.289746,0.245,40.47,164,16,20480,14600,164,16,164,0,0,0,0,pDup5%
18.641892,2.12,50.624,164,16,20480,14600,164,16,164,0,0,0,0,Reord25-50%
19.547506,3.497,49.893,164,16,17536,14600,164,16,164,0,0,0,0,Reord25-50%
19.266884,0.986,50.318,164,16,20480,14600,164,16,164,0,0,0,0,Reord25-50%
20.965986,3.484,50.646,164,16,20480,14600,164,16,164,0,0,0,0,Reord25-50%
20.37937,10.424,49.975,164,16,20480,14600,164,16,164,0,0,0,0,Reord25-50%
20.124123,10.387,50.583,164,16,20480,14600,164,16,164,0,0,0,0,Reord25-50%
20.434495,10.378,50.406,164,16,20480,14600,164,16,164,0,0,0,0,Reord25-50%
16.695791,10.419,50.38,164,16,20480,14600,164,16,164,0,0,0,0,Reord25-50%
20.454619,10.371,50.322,164,16,20480,14600,164,16,164,0,0,0,0,Reord25-50%
20.142748,7.922,50.366,164,16,20480,14600,164,16,164,0,0,0,0,Reord25-50%
19.895501,5.583,50.455,164,16,20480,14600,164,16,164,0,0,0,0,Reord25-50%
19.407882,5.085,50.523,164,16,20480,14600,164,16,164,0,0,0,0,Reord25-50%
20.520118,10.446,50.868,164,16,20480,14600,164,16,164,0,0,0,0,Reord25-50%
19.099636,10.281,49.902,164,16,20480,14600,164,16,164,0,0,0,0,Reord25-50%
20.169123,8.671,50.068,164,16,20480,14600,164,16,164,0,0,0,0,Reord25-50%
20.513369,10.513,50.484,164,16,20480,14600,164,16,164,0,0,0,0,Reord25-50%
21.987686,10.437,50.439,164,16,20480,14600,164,16,164,0,0,0,0,Reord25-50%
17.608155,1.892,50.051,164,16,20480,14600,164,16,164,0,0,0,0,Reord25-50%
20.441244,9.608,50.491,164,16,20480,14600,164,16,164,0,0,0,0,Reord25-50%
20.019,6.792,50.586,164,16,20480,14600,164,16,164,0,0,0,0,Reord25-50%
20.508494,10.49,49.998,164,16,20480,14600,164,16,164,0,0,0,0,Reord25-50%
20.551993,10.48,50.465,164,16,20480,14600,164,16,164,0,0,0,0,Reord25-50%
16.110174,10.481,49.837,164,16,20480,14600,164,16,164,0,0,0,0,Reord25-50%
20.467619,10.379,50.499,164,16,20480,14600,164,16,164,0,0,0,0,Reord25-50%
20.555618,10.415,50.512,164,16,20480,14600,164,16,164,0,0,0,0,Reord25-50%
20.242747,7.85,50.641,164,16,20480,14600,164,16,164,0,0,0,0,Reord25-50%
20.421995,10.374,50.582,164,16,20480,14600,164,16,164,0,0,0,0,Reord25-50%
19.826002,4.885,50.422,164,16,20480,14600,164,16,164,0,0,0,0,Reord25-50%
20.482119,10.392,50.272,164,16,20480,14600,164,16,164,0,0,0,0,Reord25-50%
21.296267,5.735,50.66,164,16,20480,14600,164,16,164,0,0,0,0,Reord25-50%
20.531743,10.428,50.334,164,16,20480,14600,164,16,164,0,0,0,0,Reord25-50%
20.488869,10.393,50.306,164,16,20480,14600,164,16,164,0,0,0,0,Reord25-50%
20.380495,9.582,50.552,164,16,20480,14600,164,16,164,0,0,0,0,Reord25-50%
20.505744,10.413,50.549,164,16,20480,14600,164,16,164,0,0,0,0,Reord25-50%
20.384995,10.559,50.031,164,16,20480,14600,164,16,164,0,0,0,0,Reord25-50%
20.476619,10.526,49.902,164,16,20480,14600,164,16,164,0,0,0,0,Reord25-50%
20.454869,10.456,50.259,164,16,20480,14600,164,16,164,0,0,0,0,Reord25-50%
20.504369,10.419,50.206,164,16,20480,14600,164,16,164,0,0,0,0,Reord25-50%
15.531181,9.144,50.684,164,16,20480,14600,164,16,164,0,0,0,0,Reord25-50%
20.622867,10.468,50.674,164,16,20480,14600,164,16,164,0,0,0,0,Reord25-50%
19.797878,10.424,50.472,164,16,20480,14600,164,16,164,0,0,0,0,Reord25-50%
19.344883,10.552,50.642,164,16,20480,14600,164,16,164,0,0,0,0,Reord25-50%
20.495994,9.746,50.495,164,16,20480,14600,164,16,164,0,0,0,0,Reord25-50%
20.470119,10.436,50.432,164,16,20480,14600,164,16,164,0,0,0,0,Reord25-50%
20.521868,10.5,50.51,164,16,20480,14600,164,16,164,0,0,0,0,Reord25-50%
20.478994,10.5,50.377,164,16,20480,14600,164,16,164,0,0,0,0,Reord25-50%
20.281496,9.66,50.479,164,16,20480,14600,164,16,164,0,0,0,0,Reord25-50%
20.428495,10.478,50.088,164,16,20480,14600,164,16,164,0,0,0,0,Reord25-50%
19.870377,5.013,50.5,164,16,20480,14600,164,16,164,0,0,0,0,Reord25-50%
20.996988,10.557,50.059,164,16,20480,14600,164,16,164,0,0,0,0,Reord25-50%
19.317259,10.48,50.189,164,16,20480,14600,164,16,164,0,0,0,0,Reord25-50%
20.41987,10.419,50.112,164,16,20480,14600,164,16,164,0,0,0,0,Reord25-50%
19.287634,10.391,49.94,164,16,20480,14600,164,16,164,0,0,0,0,Reord25-50%
20.460869,10.286,50.307,164,16,20480,14600,164,16,164,0,0,0,0,Reord25-50%
20.578493,10.306,50.621,164,16,20480,14600,164,16,164,0,0,0,0,Reord25-50%
19.473132,1.784,50.63,164,16,20480,14600,164,16,164,0,0,0,0,Reord25-50%
18.533829,10.409,50.183,164,32,14720,14600,164,32,164,0,0,0,0,Reord25-50%
18.322634,10.344,49.722,164,32,14720,14600,164,32,164,0,0,0,0,Reord25-50%
14.406445,8.869,42.823,164,16,20480,14600,164,16,164,0,0,0,0,Reord50-50%
19.513631,10.525,50.364,164,16,20480,14600,164,16,164,0,0,0,0,Reord50-50%
20.559118,10.452,50.474,164,16,17536,14600,164,16,164,0,0,0,0,Reord50-50%
18.257022,0.537,50.627,164,16,20480,14600,164,16,164,0,0,0,0,Reord50-50%
13.315709,1.652,41.334,164,16,17536,14600,164,16,164,0,0,0,0,Reord50-50%
18.009525,0.494,50.706,164,16,17536,14600,164,16,164,0,0,0,0,Reord50-50%
14.38682,0.744,49.944,164,16,17536,14600,164,16,164,0,0,0,0,Reord50-50%
18.292146,10.462,42.064,164,16,17536,14600,164,16,164,0,0,0,0,Reord50-50%
18.270147,2.108,50.734,164,16,17536,14600,164,16,164,0,0,0,0,Reord50-50%
19.394133,10.17,50.741,164,16,20480,14600,164,16,164,0,0,0,0,Reord50-50%
18.311396,0.464,49.925,164,16,17536,14600,164,16,164,0,0,0,0,Reord50-50%
20.288621,9.43,50.364,164,16,20480,14600,164,16,164,0,0,0,0,Reord50-50%
18.907514,0.799,50.249,164,16,17536,14600,164,16,164,0,0,0,0,Reord50-50%
17.897276,0.676,50.331,164,16,20480,14600,164,16,164,0,0,0,0,Reord50-50%
11.9971,0.458,41.645,164,16,20480,14600,164,16,164,0,0,0,0,Reord50-50%
15.365808,0.56,50.921,164,16,20480,14600,164,16,164,0,0,0,0,Reord50-50%
17.517781,2.076,50.263,164,16,20480,14600,164,16,164,0,0,0,0,Reord50-50%
17.020412,0.487,50.368,164,16,17536,14600,164,16,164,0,0,0,0,Reord50-50%
19.401007,9.291,50.658,164,16,20480,14600,164,16,164,0,0,0,0,Reord50-50%
19.290259,10.253,50.693,164,16,20480,14600,164,16,164,0,0,0,0,Reord50-50%
18.019025,0.515,50.439,164,16,17536,14600,164,16,164,0,0,0,0,Reord50-50%
15.717679,10.42,50.84,164,16,20480,14600,164,16,164,0,0,0,0,Reord50-50%
16.712791,0.413,50.017,164,16,20480,14600,164,16,164,0,0,0,0,Reord50-50%
18.178773,0.701,50.503,164,16,20480,14600,164,16,164,0,0,0,0,Reord50-50%
20.554868,10.431,50.441,164,16,20480,14600,164,16,164,0,0,0,0,Reord50-50%
16.961163,0.488,50.456,164,16,17536,14600,164,16,164,0,0,0,0,Reord50-50%
18.206147,0.461,49.89,164,16,17536,14600,164,16,164,0,0,0,0,Reord50-50%
19.137136,8.93,49.994,164,16,20480,14600,164,16,164,0,0,0,0,Reord50-50%
16.792915,1.707,42.097,164,16,17536,14600,164,16,164,0,0,0,0,Reord50-50%
17.008912,0.602,50.346,164,16,20480,14600,164,16,164,0,0,0,0,Reord50-50%
14.171948,0.798,50.318,164,16,20480,14600,164,16,164,0,0,0,0,Reord50-50%
19.688504,3.082,50.44,164,16,17536,14600,164,16,164,0,0,0,0,Reord50-50%
16.741041,0.372,50.608,164,16,17536,14600,164,16,164,0,0,0,0,Reord50-50%
20.381995,9.873,49.959,164,16,17536,14600,164,16,164,0,0,0,0,Reord50-50%
18.540268,2.849,49.875,164,16,20480,14600,164,16,164,0,0,0,0,Reord50-50%
18.073774,0.48,50.456,164,16,17536,14600,164,16,164,0,0,0,0,Reord50-50%
19.548756,2.517,50.605,164,16,20480,14600,164,16,164,0,0,0,0,Reord50-50%
16.959538,0.421,41.623,164,16,20480,14600,164,16,164,0,0,0,0,Reord50-50%
15.596055,0.673,41.706,164,16,17536,14600,164,16,164,0,0,0,0,Reord50-50%
20.475994,10.455,50.273,164,16,17536,14600,164,16,164,0,0,0,0,Reord50-50%
19.452132,2.222,50.255,164,16,17536,14600,164,16,164,0,0,0,0,Reord50-50%
17.895276,0.587,49.687,164,16,17536,14600,164,16,164,0,0,0,0,Reord50-50%
19.579755,2.636,50.6,164,16,17536,14600,164,16,164,0,0,0,0,Reord50-50%
18.808515,0.504,50.215,164,16,20480,14600,164,16,164,0,0,0,0,Reord50-50%
18.062399,0.991,50.44,164,16,17536,14600,164,16,164,0,0,0,0,Reord50-50%
18.540268,2.268,50.078,164,16,20480,14600,164,16,164,0,0,0,0,Reord50-50%
17.824527,0.477,49.979,164,16,20480,14600,164,16,164,0,0,0,0,Reord50-50%
18.193023,0.469,50.644,164,16,17536,14600,164,16,164,0,0,0,0,Reord50-50%
18.181273,1.842,50.667,164,16,20480,14600,164,16,164,0,0,0,0,Reord50-50%
19.097136,0.566,50.462,164,16,20480,14600,164,16,164,0,0,0,0,Reord50-50%
15.666054,0.365,49.967,164,16,20480,14600,164,16,164,0,0,0,0,Reord50-50%
17.697029,3.407,49.848,164,16,17536,14600,164,16,164,0,0,0,0,Reord50-50%
14.529193,0.571,50.714,164,16,20480,14600,164,16,164,0,0,0,0,Reord50-50%
19.656879,10.44,49.816,164,16,17536,14600,164,16,164,0,0,0,0,Reord50-50%
15.56393,10.466,49.796,164,16,20480,14600,164,16,164,0,0,0,0,Reord50-50%
17.914151,0.891,50.114,164,16,20480,14600,164,16,164,0,0,0,0,Reord50-50%
17.157661,0.61,50.53,164,16,17536,14600,164,16,164,0,0,0,0,Reord50-50%
19.727503,2.549,53.452,164,16,20480,14600,164,16,164,0,0,0,0,Reord50-50%
15.060937,7.086,50.03,164,16,20480,14600,164,16,164,0,0,0,0,Reord50-50%
15.127186,8.004,50.146,164,16,17536,14600,164,16,164,0,0,0,0,Reord50-50%