Client/Server IP addr,Client/Server TCP port,packets,RST sent,ACK sent,PURE ACK sent,unique bytes,data pkts,data bytes,rexmit pkts,rexmit bytes,out seq pkts,SYN count,FIN count,Client/Server IP addr,Client/Server TCP port,packets,RST sent,ACK sent,PURE ACK sent,unique bytes,data pkts,data bytes,rexmit pkts,rexmit bytes,out seq pkts,SYN count,FIN count,First time abs,Last time abs,Completion time,C first payload,S first payload,C last payload,S last payload,C first ack,S first ack,C Internal,S Internal,C anonymized,S anonymized,Connection type,P2P type,HTTP type,Average rtt C2S,rtt min,rtt max,Stdev rtt,rtt count,ttl_min,ttl_max,Average rtt S2C,rtt min,rtt max,Stdev rtt,rtt count,ttl_min,ttl_max,P2P subtype,ED2K Data,ED2K Signaling,ED2K C2S,ED2K C2C,ED2K Chat,RFC1323 ws,RFC1323 ts,window scale,SACK req,SACK sent,MSS,max seg size,min seg size,win max,win min,win zero,cwin max,cwin min,initial cwin,rtx RTO,rtx FR,reordering,net dup,unknown,flow control,unnece rtx RTO,unnece rtx FR,!= SYN seqno,RFC1323 ws,RFC1323 ts,window scale,SACK req,SACK sent,MSS,max seg size,min seg size,win max,win min,win zero,cwin max,cwin min,initial cwin,rtx RTO,rtx FR,reordering,net dup,unknown,flow control,unnece rtx RTO,unnece rtx FR,!= SYN seqno,httpignore,httpignore,httpignore,httpignore,httpignore,httpignore,httpignore,httpignore,httpignore,httpignore,httpignore,httpignore,httpignore,httpignore,httpignore,httpignore,httpignore,httpignore,httpignore,httpignore,
172.16.0.1,38578,17,0,16,9,452,6,452,0,0,0,1,1,172.16.0.2,861,17,0,17,5,2944,10,2944,0,0,0,1,1,1.52E+12,1.52E+12,12507.038,24.673,24.536,12503.301,12505.792,1.023,24.536,1,1,0,0,0,0,0,10.518494,0.392,40.681,18.38379,8,64,64,7.310115,0.013,39.79,15.952971,11,64,64,0,0,0,0,0,0,1,1,7,1,0,1460,164,16,20480,14600,0,164,16,164,0,0,0,0,0,0,0,0,0,1,1,7,1,0,1460,1448,16,15616,14480,0,1480,16,64,0,0,0,0,0,0,0,0,0,0,0,---,6,9,-,-,0,0,0,0,0,0,0,0,0,-,-,0,0,-
172.16.0.1,38702,17,0,16,9,452,6,452,0,0,0,1,1,172.16.0.2,861,17,0,17,5,2944,10,2944,0,0,0,1,1,1.52E+12,1.52E+12,13451.813,3.168,3.087,13445.874,13448.814,1.247,3.087,1,1,0,0,0,0,0,10.542368,0.384,40.262,18.299174,8,64,64,7.414296,0.017,39.361,15.782654,11,64,64,0,0,0,0,0,0,1,1,7,1,0,1460,164,16,20480,14600,0,164,16,164,0,0,0,0,0,0,0,0,0,1,1,7,1,0,1460,1448,16,15616,14480,0,1480,16,64,0,0,0,0,0,0,0,0,0,0,0,---,6,9,-,-,0,0,0,0,0,0,0,0,0,-,-,0,0,-
172.16.0.1,38826,17,0,16,9,452,6,452,0,0,0,1,1,172.16.0.2,861,17,0,17,5,2944,10,2944,0,0,0,1,1,1.52E+12,1.52E+12,12339.88,3.202,3.134,12334.638,12337.749,1.216,3.134,1,1,0,0,0,0,0,10.565868,0.308,40.033,18.179942,8,64,64,7.319024,0.013,39.687,15.987926,11,64,64,0,0,0,0,0,0,1,1,7,1,0,1460,164,16,20480,14600,0,164,16,164,0,0,0,0,0,0,0,0,0,1,1,7,1,0,1460,1448,16,15616,14480,0,1480,16,64,0,0,0,0,0,0,0,0,0,0,0,---,6,9,-,-,0,0,0,0,0,0,0,0,0,-,-,0,0,-
172.16.0.1,38950,17,0,16,9,452,6,452,0,0,0,1,1,172.16.0.2,861,17,0,17,5,2944,10,2944,0,0,0,1,1,1.52E+12,1.52E+12,11266.903,7.489,7.313,11263.301,11265.738,1.229,7.313,1,1,0,0,0,0,0,10.40712,0.295,39.904,18.15627,8,64,64,7.341751,0.023,40.013,16.030752,11,64,64,0,0,0,0,0,0,1,1,7,1,0,1460,164,16,20480,14600,0,164,16,164,0,0,0,0,0,0,0,0,0,1,1,7,1,0,1460,1448,16,15616,14480,0,1480,16,64,0,0,0,0,0,0,0,0,0,0,0,---,6,9,-,-,0,0,0,0,0,0,0,0,0,-,-,0,0,-
172.16.0.1,39074,17,0,16,9,452,6,452,0,0,0,1,1,172.16.0.2,861,17,0,17,5,2944,10,2944,0,0,0,1,1,1.52E+12,1.52E+12,13392.093,3.249,3.185,13387.306,13390.76,1.079,3.185,1,1,0,0,0,0,0,10.604117,0.303,40.496,18.377398,8,64,64,7.244752,0.013,39.377,15.830981,11,64,64,0,0,0,0,0,0,1,1,7,1,0,1460,164,16,20480,14600,0,164,16,164,0,0,0,0,0,0,0,0,0,1,1,7,1,0,1460,1448,16,15616,14480,0,1480,16,64,0,0,0,0,0,0,0,0,0,0,0,---,6,9,-,-,0,0,0,0,0,0,0,0,0,-,-,0,0,-
172.16.0.1,39198,17,0,16,9,452,6,452,0,0,0,1,1,172.16.0.2,861,17,0,17,5,2944,10,2944,0,0,0,1,1,1.52E+12,1.52E+12,13680.993,2.99,2.927,13677.652,13679.774,1.037,2.927,1,1,0,0,0,0,0,10.404745,0.193,40.034,18.278449,8,64,64,7.337388,0.014,39.867,15.999082,11,64,64,0,0,0,0,0,0,1,1,7,1,0,1460,164,16,20480,14600,0,164,16,164,0,0,0,0,0,0,0,0,0,1,1,7,1,0,1460,1448,16,15616,14480,0,1480,16,64,0,0,0,0,0,0,0,0,0,0,0,---,6,9,-,-,0,0,0,0,0,0,0,0,0,-,-,0,0,-
172.16.0.1,39292,17,0,16,9,452,6,452,0,0,0,1,1,172.16.0.2,861,17,0,17,5,2944,10,2944,0,0,0,1,1,1.52E+12,1.52E+12,14544.103,3.401,3.323,14539.921,14542.811,1.152,3.323,1,1,0,0,0,0,0,10.575118,0.454,40.562,18.37582,8,64,64,7.286116,0.015,39.506,15.901185,11,64,64,0,0,0,0,0,0,1,1,7,1,0,1460,164,16,20480,14600,0,164,16,164,0,0,0,0,0,0,0,0,0,1,1,7,1,0,1460,1448,16,15616,14480,0,1480,16,64,0,0,0,0,0,0,0,0,0,0,0,---,6,9,-,-,0,0,0,0,0,0,0,0,0,-,-,0,0,-
172.16.0.1,39416,17,0,16,9,452,6,452,0,0,0,1,1,172.16.0.2,861,17,0,17,5,2944,10,2944,0,0,0,1,1,1.52E+12,1.52E+12,14328.325,3.281,3.169,14323.932,14327.021,1.19,3.169,1,1,0,0,0,0,0,10.613742,0.351,40.521,18.403796,8,64,64,7.291934,0.013,39.8,15.912405,11,64,64,0,0,0,0,0,0,1,1,7,1,0,1460,164,16,20480,14600,0,164,16,164,0,0,0,0,0,0,0,0,0,1,1,7,1,0,1460,1448,16,15616,14480,0,1480,16,64,0,0,0,0,0,0,0,0,0,0,0,---,6,9,-,-,0,0,0,0,0,0,0,0,0,-,-,0,0,-
172.16.0.1,39540,17,0,16,9,452,6,452,0,0,0,1,1,172.16.0.2,861,17,0,17,5,2944,10,2944,0,0,0,1,1,1.52E+12,1.52E+12,12546.533,2.868,2.79,12540.992,12544.452,1.022,2.79,1,1,0,0,0,0,0,10.619242,0.285,40.285,18.189173,8,64,64,7.241389,0.014,39.494,15.909104,11,64,64,0,0,0,0,0,0,1,1,7,1,0,1460,164,16,20480,14600,0,164,16,164,0,0,0,0,0,0,0,0,0,1,1,7,1,0,1460,1448,16,15616,14480,0,1480,16,64,0,0,0,0,0,0,0,0,0,0,0,---,6,9,-,-,0,0,0,0,0,0,0,0,0,-,-,0,0,-
172.16.0.1,39664,17,0,16,9,452,6,452,0,0,0,1,1,172.16.0.2,861,17,0,17,5,2944,10,2944,0,0,0,1,1,1.52E+12,1.52E+12,13915.47,2.742,2.679,13911.376,13914.181,0.898,2.679,1,1,0,0,0,0,0,10.42287,0.287,40.322,18.313156,8,64,64,7.23248,0.016,39.218,15.799182,11,64,64,0,0,0,0,0,0,1,1,7,1,0,1460,164,16,20480,14600,0,164,16,164,0,0,0,0,0,0,0,0,0,1,1,7,1,0,1460,1448,16,15616,14480,0,1480,16,64,0,0,0,0,0,0,0,0,0,0,0,---,6,9,-,-,0,0,0,0,0,0,0,0,0,-,-,0,0,-
172.16.0.1,39788,17,0,16,9,452,6,452,0,0,0,1,1,172.16.0.2,861,17,0,17,5,2944,10,2944,0,0,0,1,1,1.52E+12,1.52E+12,15186.432,4.885,4.815,15182.481,15185.22,1.219,4.815,1,1,0,0,0,0,0,10.457369,0.442,39.913,18.14973,8,64,64,7.284116,0.015,39.647,15.906518,11,64,64,0,0,0,0,0,0,1,1,7,1,0,1460,164,16,20480,14600,0,164,16,164,0,0,0,0,0,0,0,0,0,1,1,7,1,0,1460,1448,16,15616,14480,0,1480,16,64,0,0,0,0,0,0,0,0,0,0,0,---,6,9,-,-,0,0,0,0,0,0,0,0,0,-,-,0,0,-
172.16.0.1,39912,17,0,16,9,452,6,452,0,0,0,1,1,172.16.0.2,861,17,0,17,5,2944,10,2944,0,0,0,1,1,1.52E+12,1.52E+12,12531.13,2.984,2.908,12527.039,12529.751,1.161,2.908,1,1,0,0,0,0,0,10.529868,0.43,40.357,18.328526,8,64,64,7.350388,0.013,40.084,16.040653,11,64,64,0,0,0,0,0,0,1,1,7,1,0,1460,164,16,20480,14600,0,164,16,164,0,0,0,0,0,0,0,0,0,1,1,7,1,0,1460,1448,16,15616,14480,0,1480,16,64,0,0,0,0,0,0,0,0,0,0,0,---,6,9,-,-,0,0,0,0,0,0,0,0,0,-,-,0,0,-
172.16.0.1,40024,17,0,16,9,452,6,452,0,0,0,1,1,172.16.0.2,861,17,0,17,5,2944,10,2944,0,0,0,1,1,1.52E+12,1.52E+12,12193.272,2.802,2.692,12152.961,12192.124,0.959,2.692,1,1,0,0,0,0,0,10.316246,0.279,39.902,18.129565,8,64,64,7.402842,0.011,40.375,16.197737,11,64,64,0,0,0,0,0,0,1,1,7,1,0,1460,164,16,20480,14600,0,164,16,164,0,0,0,0,0,0,0,0,0,1,1,7,1,0,1460,1448,16,15616,14480,0,1480,16,64,0,0,0,0,0,0,0,0,0,0,0,---,6,9,-,-,0,0,0,0,0,0,0,0,0,-,-,0,0,-
172.16.0.1,40128,17,0,16,9,452,6,452,0,0,0,1,1,172.16.0.2,861,17,0,17,5,2944,10,2944,0,0,0,1,1,1.52E+12,1.52E+12,13071.778,3.511,3.396,13066.62,13069.425,1.172,3.396,1,1,0,0,0,0,0,10.715991,0.368,40.538,18.26572,8,64,64,7.241389,0.014,39.743,15.853399,11,64,64,0,0,0,0,0,0,1,1,7,1,0,1460,164,16,20480,14600,0,164,16,164,0,0,0,0,0,0,0,0,0,1,1,7,1,0,1460,1448,16,15616,14480,0,1480,16,64,0,0,0,0,0,0,0,0,0,0,0,---,6,9,-,-,0,0,0,0,0,0,0,0,0,-,-,0,0,-
172.16.0.1,40252,17,0,16,9,452,6,452,0,0,0,1,1,172.16.0.2,861,17,0,17,5,2944,10,2944,0,0,0,1,1,1.52E+12,1.52E+12,14787.487,3.037,2.954,14783.768,14786.314,1.075,2.954,1,1,0,0,0,0,0,10.483369,0.288,40.558,18.309964,8,64,64,7.322206,0.012,40.001,16.043302,11,64,64,0,0,0,0,0,0,1,1,7,1,0,1460,164,16,20480,14600,0,164,16,164,0,0,0,0,0,0,0,0,0,1,1,7,1,0,1460,1448,16,15616,14480,0,1480,16,64,0,0,0,0,0,0,0,0,0,0,0,---,6,9,-,-,0,0,0,0,0,0,0,0,0,-,-,0,0,-
172.16.0.1,40376,17,0,16,9,452,6,452,0,0,0,1,1,172.16.0.2,861,17,0,17,5,2944,10,2944,0,0,0,1,1,1.52E+12,1.52E+12,14201.004,3.243,3.14,14197.316,14199.636,1.27,3.14,1,1,0,0,0,0,0,10.548993,0.461,40.423,18.287904,8,64,64,7.378387,0.01,40.049,16.103995,11,64,64,0,0,0,0,0,0,1,1,7,1,0,1460,164,16,20480,14600,0,164,16,164,0,0,0,0,0,0,0,0,0,1,1,7,1,0,1460,1448,16,15616,14480,0,1480,16,64,0,0,0,0,0,0,0,0,0,0,0,---,6,9,-,-,0,0,0,0,0,0,0,0,0,-,-,0,0,-
172.16.0.1,40502,17,0,16,9,452,6,452,0,0,0,1,1,172.16.0.2,861,17,0,17,5,2944,10,2944,0,0,0,1,1,1.52E+12,1.52E+12,14253.934,3.291,3.21,14250.222,14252.845,1.332,3.21,1,1,0,0,0,0,0,10.525368,0.407,40.536,18.294438,8,64,64,7.315024,0.013,40.011,15.996837,11,64,64,0,0,0,0,0,0,1,1,7,1,0,1460,164,16,20480,14600,0,164,16,164,0,0,0,0,0,0,0,0,0,1,1,7,1,0,1460,1448,16,15616,14480,0,1480,16,64,0,0,0,0,0,0,0,0,0,0,0,---,6,9,-,-,0,0,0,0,0,0,0,0,0,-,-,0,0,-
172.16.0.1,40626,17,0,16,9,452,6,452,0,0,0,1,1,172.16.0.2,861,17,0,17,5,2944,10,2944,0,0,0,1,1,1.52E+12,1.52E+12,13624.566,3.259,3.168,13621.315,13623.394,1.289,3.168,1,1,0,0,0,0,0,10.443244,0.327,40.085,18.254558,8,64,64,7.376206,0.014,40.086,16.106744,11,64,64,0,0,0,0,0,0,1,1,7,1,0,1460,164,16,20480,14600,0,164,16,164,0,0,0,0,0,0,0,0,0,1,1,7,1,0,1460,1448,16,15616,14480,0,1480,16,64,0,0,0,0,0,0,0,0,0,0,0,---,6,9,-,-,0,0,0,0,0,0,0,0,0,-,-,0,0,-
172.16.0.1,40750,17,0,16,9,452,6,452,0,0,0,1,1,172.16.0.2,861,17,0,17,5,2944,10,2944,0,0,0,1,1,1.52E+12,1.52E+12,11643.557,3.121,2.988,11639.624,11642.274,1.106,2.988,1,1,0,0,0,0,0,10.418745,0.19,40.433,18.322092,8,64,64,7.373297,0.015,40.006,16.067204,11,64,64,0,0,0,0,0,0,1,1,7,1,0,1460,164,16,20480,14600,0,164,16,164,0,0,0,0,0,0,0,0,0,1,1,7,1,0,1460,1448,16,15616,14480,0,1480,16,64,0,0,0,0,0,0,0,0,0,0,0,---,6,9,-,-,0,0,0,0,0,0,0,0,0,-,-,0,0,-
172.16.0.1,40842,17,0,16,9,452,6,452,0,0,0,1,1,172.16.0.2,861,17,0,17,5,2944,10,2944,0,0,0,1,1,1.52E+12,1.52E+12,14975.312,3.334,3.26,14971.625,14973.759,1.199,3.26,1,1,0,0,0,0,0,10.466869,0.274,40.263,18.348485,8,64,64,7.352842,0.013,39.968,15.974069,11,64,64,0,0,0,0,0,0,1,1,7,1,0,1460,164,16,20480,14600,0,164,16,164,0,0,0,0,0,0,0,0,0,1,1,7,1,0,1460,1448,16,15616,14480,0,1480,16,64,0,0,0,0,0,0,0,0,0,0,0,---,6,9,-,-,0,0,0,0,0,0,0,0,0,-,-,0,0,-
172.16.0.1,40966,17,0,16,9,452,6,452,0,0,0,1,1,172.16.0.2,861,17,0,17,5,2944,10,2944,0,0,0,1,1,1.52E+12,1.52E+12,12247.109,3.074,3,12242.75,12245.932,1.057,3,1,1,0,0,0,0,0,10.579493,0.364,40.533,18.431894,8,64,64,7.318479,0.014,39.992,15.998513,11,64,64,0,0,0,0,0,0,1,1,7,1,0,1460,164,16,20480,14600,0,164,16,164,0,0,0,0,0,0,0,0,0,1,1,7,1,0,1460,1448,16,15616,14480,0,1480,16,64,0,0,0,0,0,0,0,0,0,0,0,---,6,9,-,-,0,0,0,0,0,0,0,0,0,-,-,0,0,-
172.16.0.1,41090,17,0,16,9,452,6,452,0,0,0,1,1,172.16.0.2,861,17,0,17,5,2944,10,2944,0,0,0,1,1,1.52E+12,1.52E+12,16396.556,3.041,2.976,16392.958,16395.293,1.088,2.976,1,1,0,0,0,0,0,10.563493,0.443,40.587,18.38586,8,64,64,7.32257,0.012,39.931,15.981858,11,64,64,0,0,0,0,0,0,1,1,7,1,0,1460,164,16,20480,14600,0,164,16,164,0,0,0,0,0,0,0,0,0,1,1,7,1,0,1460,1448,16,15616,14480,0,1480,16,64,0,0,0,0,0,0,0,0,0,0,0,---,6,9,-,-,0,0,0,0,0,0,0,0,0,-,-,0,0,-
172.16.0.1,41214,17,0,16,9,452,6,452,0,0,0,1,1,172.16.0.2,861,17,0,17,5,2944,10,2944,0,0,0,1,1,1.52E+12,1.52E+12,13316.334,2.73,2.654,13312.278,13314.751,0.984,2.654,1,1,0,0,0,0,0,10.408495,0.356,39.806,18.090306,8,64,64,7.313388,0.013,39.735,15.943168,11,64,64,0,0,0,0,0,0,1,1,7,1,0,1460,164,16,20480,14600,0,164,16,164,0,0,0,0,0,0,0,0,0,1,1,7,1,0,1460,1448,16,15616,14480,0,1480,16,64,0,0,0,0,0,0,0,0,0,0,0,---,6,9,-,-,0,0,0,0,0,0,0,0,0,-,-,0,0,-
172.16.0.1,41338,17,0,16,9,452,6,452,0,0,0,1,1,172.16.0.2,861,17,0,17,5,2944,10,2944,0,0,0,1,1,1.52E+12,1.52E+12,13840.252,3.218,3.116,13836.409,13839.055,1.057,3.116,1,1,0,0,0,0,0,10.512119,0.332,40.262,18.318222,8,64,64,7.371933,0.015,40.094,16.096624,11,64,64,0,0,0,0,0,0,1,1,7,1,0,1460,164,16,20480,14600,0,164,16,164,0,0,0,0,0,0,0,0,0,1,1,7,1,0,1460,1448,16,15616,14480,0,1480,16,64,0,0,0,0,0,0,0,0,0,0,0,---,6,9,-,-,0,0,0,0,0,0,0,0,0,-,-,0,0,-
172.16.0.1,41462,17,0,16,9,452,6,452,0,0,0,1,1,172.16.0.2,861,17,0,17,5,2944,10,2944,0,0,0,1,1,1.52E+12,1.52E+12,12645.596,8.833,8.749,12642.241,12644.392,1.156,8.749,1,1,0,0,0,0,0,10.41387,0.406,39.966,18.130679,8,64,64,7.330024,0.015,40.109,15.98836,11,64,64,0,0,0,0,0,0,1,1,7,1,0,1460,164,16,20480,14600,0,164,16,164,0,0,0,0,0,0,0,0,0,1,1,7,1,0,1460,1448,16,15616,14480,0,1480,16,64,0,0,0,0,0,0,0,0,0,0,0,---,6,9,-,-,0,0,0,0,0,0,0,0,0,-,-,0,0,-
172.16.0.1,41554,17,0,16,9,452,6,452,0,0,0,1,1,172.16.0.2,861,17,0,17,5,2944,10,2944,0,0,0,1,1,1.52E+12,1.52E+12,12860.921,3.174,3.107,12857.106,12859.548,1.061,3.107,1,1,0,0,0,0,0,10.491869,0.311,40.519,18.321651,8,64,64,7.328933,0.016,39.74,15.98086,11,64,64,0,0,0,0,0,0,1,1,7,1,0,1460,164,16,20480,14600,0,164,16,164,0,0,0,0,0,0,0,0,0,1,1,7,1,0,1460,1448,16,15616,14480,0,1480,16,64,0,0,0,0,0,0,0,0,0,0,0,---,6,9,-,-,0,0,0,0,0,0,0,0,0,-,-,0,0,-
172.16.0.1,41680,17,0,16,9,452,6,452,0,0,0,1,1,172.16.0.2,861,17,0,17,5,2944,10,2944,0,0,0,1,1,1.52E+12,1.52E+12,13277.192,3.283,3.221,13273.5,13276.127,1.159,3.221,1,1,0,0,0,0,0,10.564243,0.342,40.541,18.437886,8,64,64,7.300297,0.013,39.611,15.867162,11,64,64,0,0,0,0,0,0,1,1,7,1,0,1460,164,16,20480,14600,0,164,16,164,0,0,0,0,0,0,0,0,0,1,1,7,1,0,1460,1448,16,15616,14480,0,1480,16,64,0,0,0,0,0,0,0,0,0,0,0,---,6,9,-,-,0,0,0,0,0,0,0,0,0,-,-,0,0,-
172.16.0.1,41804,17,0,16,9,452,6,452,0,0,0,1,1,172.16.0.2,861,17,0,17,5,2944,10,2944,0,0,0,1,1,1.52E+12,1.52E+12,12835.383,3.179,3.111,12832.098,12833.976,1.116,3.111,1,1,0,0,0,0,0,10.364745,0.243,40.046,18.096678,8,64,64,7.316752,0.009,39.588,15.927029,11,64,64,0,0,0,0,0,0,1,1,7,1,0,1460,164,16,20480,14600,0,164,16,164,0,0,0,0,0,0,0,0,0,1,1,7,1,0,1460,1448,16,15616,14480,0,1480,16,64,0,0,0,0,0,0,0,0,0,0,0,---,6,9,-,-,0,0,0,0,0,0,0,0,0,-,-,0,0,-
172.16.0.1,41928,17,0,16,9,452,6,452,0,0,0,1,1,172.16.0.2,861,17,0,17,5,2944,10,2944,0,0,0,1,1,1.52E+12,1.52E+12,12995.28,3.053,2.971,12991.729,12994.012,1.003,2.971,1,1,0,0,0,0,0,10.526118,0.322,40.684,18.353773,8,64,64,7.294752,0.018,39.763,15.915272,11,64,64,0,0,0,0,0,0,1,1,7,1,0,1460,164,16,20480,14600,0,164,16,164,0,0,0,0,0,0,0,0,0,1,1,7,1,0,1460,1448,16,15616,14480,0,1480,16,64,0,0,0,0,0,0,0,0,0,0,0,---,6,9,-,-,0,0,0,0,0,0,0,0,0,-,-,0,0,-
172.16.0.1,42052,17,0,16,9,452,6,452,0,0,0,1,1,172.16.0.2,861,17,0,17,5,2944,10,2944,0,0,0,1,1,1.52E+12,1.52E+12,13896.564,3.037,2.872,13892.494,13895.184,1.104,2.872,1,1,0,0,0,0,0,10.528118,0.378,40.17,18.286414,8,64,64,7.276297,0.013,39.734,15.872116,11,64,64,0,0,0,0,0,0,1,1,7,1,0,1460,164,16,20480,14600,0,164,16,164,0,0,0,0,0,0,0,0,0,1,1,7,1,0,1460,1448,16,15616,14480,0,1480,16,64,0,0,0,0,0,0,0,0,0,0,0,---,6,9,-,-,0,0,0,0,0,0,0,0,0,-,-,0,0,-
172.16.0.1,42176,17,0,16,9,452,6,452,0,0,0,1,1,172.16.0.2,861,17,0,17,5,2944,10,2944,0,0,0,1,1,1.52E+12,1.52E+12,13271.3,3.276,3.15,13268.673,13270.303,1.107,3.15,1,1,0,0,0,0,0,10.40712,0.327,40.047,18.222414,8,64,64,7.248752,0.016,39.486,15.873957,11,64,64,0,0,0,0,0,0,1,1,7,1,0,1460,164,16,20480,14600,0,164,16,164,0,0,0,0,0,0,0,0,0,1,1,7,1,0,1460,1448,16,15616,14480,0,1480,16,64,0,0,0,0,0,0,0,0,0,0,0,---,6,9,-,-,0,0,0,0,0,0,0,0,0,-,-,0,0,-
172.16.0.1,42268,17,0,16,9,452,6,452,0,0,0,1,1,172.16.0.2,861,17,0,17,5,2944,10,2944,0,0,0,1,1,1.52E+12,1.52E+12,13909.895,3.231,3.153,13906.668,13908.901,1.229,3.153,1,1,0,0,0,0,0,10.527118,0.345,40.366,18.38404,8,64,64,7.350297,0.013,39.96,16.119578,11,64,64,0,0,0,0,0,0,1,1,7,1,0,1460,164,16,20480,14600,0,164,16,164,0,0,0,0,0,0,0,0,0,1,1,7,1,0,1460,1448,16,15616,14480,0,1480,16,64,0,0,0,0,0,0,0,0,0,0,0,---,6,9,-,-,0,0,0,0,0,0,0,0,0,-,-,0,0,-
172.16.0.1,42392,17,0,16,9,452,6,452,0,0,0,1,1,172.16.0.2,861,17,0,17,5,2944,10,2944,0,0,0,1,1,1.52E+12,1.52E+12,12999.573,3.008,2.907,12995.807,12998.368,1.101,2.907,1,1,0,0,0,0,0,10.514494,0.307,40.495,18.395999,8,64,64,7.227207,0.012,39.513,15.794164,11,64,64,0,0,0,0,0,0,1,1,7,1,0,1460,164,16,20480,14600,0,164,16,164,0,0,0,0,0,0,0,0,0,1,1,7,1,0,1460,1448,16,15616,14480,0,1480,16,64,0,0,0,0,0,0,0,0,0,0,0,---,6,9,-,-,0,0,0,0,0,0,0,0,0,-,-,0,0,-
172.16.0.1,42516,17,0,16,9,452,6,452,0,0,0,1,1,172.16.0.2,861,17,0,17,5,2944,10,2944,0,0,0,1,1,1.52E+12,1.52E+12,13454.755,3.19,3.057,13450.468,13453.352,1.076,3.057,1,1,0,0,0,0,0,10.511869,0.323,40.201,18.2728,8,64,64,7.328297,0.009,40.034,15.961262,11,64,64,0,0,0,0,0,0,1,1,7,1,0,1460,164,16,20480,14600,0,164,16,164,0,0,0,0,0,0,0,0,0,1,1,7,1,0,1460,1448,16,15616,14480,0,1480,16,64,0,0,0,0,0,0,0,0,0,0,0,---,6,9,-,-,0,0,0,0,0,0,0,0,0,-,-,0,0,-
172.16.0.1,42640,17,0,16,9,452,6,452,0,0,0,1,1,172.16.0.2,861,17,0,17,5,2944,10,2944,0,0,0,1,1,1.52E+12,1.52E+12,13444.309,3.606,3.491,13440.855,13443.293,1.39,3.491,1,1,0,0,0,0,0,10.495619,0.297,40.352,18.274197,8,64,64,7.269388,0.013,39.511,15.938463,11,64,64,0,0,0,0,0,0,1,1,7,1,0,1460,164,16,20480,14600,0,164,16,164,0,0,0,0,0,0,0,0,0,1,1,7,1,0,1460,1448,16,15616,14480,0,1480,16,64,0,0,0,0,0,0,0,0,0,0,0,---,6,9,-,-,0,0,0,0,0,0,0,0,0,-,-,0,0,-
172.16.0.1,42764,17,0,16,9,452,6,452,0,0,0,1,1,172.16.0.2,861,17,0,17,5,2944,10,2944,0,0,0,1,1,1.52E+12,1.52E+12,13471.285,3.088,3.021,13467.165,13470.076,0.986,3.021,1,1,0,0,0,0,0,10.42087,0.304,40.153,18.341135,8,64,64,7.313479,0.013,39.815,15.944504,11,64,64,0,0,0,0,0,0,1,1,7,1,0,1460,164,16,20480,14600,0,164,16,164,0,0,0,0,0,0,0,0,0,1,1,7,1,0,1460,1448,16,15616,14480,0,1480,16,64,0,0,0,0,0,0,0,0,0,0,0,---,6,9,-,-,0,0,0,0,0,0,0,0,0,-,-,0,0,-
172.16.0.1,42890,17,0,16,9,452,6,452,0,0,0,1,1,172.16.0.2,861,17,0,17,5,2944,10,2944,0,0,0,1,1,1.52E+12,1.52E+12,14221.628,3.178,3.102,14218.323,14220.758,0.957,3.102,1,1,0,0,0,0,0,10.463119,0.467,40.27,18.252724,8,64,64,7.227207,0.016,39.449,15.872509,11,64,64,0,0,0,0,0,0,1,1,7,1,0,1460,164,16,20480,14600,0,164,16,164,0,0,0,0,0,0,0,0,0,1,1,7,1,0,1460,1448,16,15616,14480,0,1480,16,64,0,0,0,0,0,0,0,0,0,0,0,---,6,9,-,-,0,0,0,0,0,0,0,0,0,-,-,0,0,-
172.16.0.1,43002,17,0,16,9,452,6,452,0,0,0,1,1,172.16.0.2,861,17,0,17,5,2944,10,2944,0,0,0,1,1,1.52E+12,1.52E+12,12064.369,3.307,3.164,12060.854,12063.076,1.112,3.164,1,1,0,0,0,0,0,10.514494,0.389,40.604,18.320282,8,64,64,7.297934,0.018,39.945,15.920828,11,64,64,0,0,0,0,0,0,1,1,7,1,0,1460,164,16,20480,14600,0,164,16,164,0,0,0,0,0,0,0,0,0,1,1,7,1,0,1460,1448,16,15616,14480,0,1480,16,64,0,0,0,0,0,0,0,0,0,0,0,---,6,9,-,-,0,0,0,0,0,0,0,0,0,-,-,0,0,-
172.16.0.1,43106,17,0,16,9,452,6,452,0,0,0,1,1,172.16.0.2,861,17,0,17,5,2944,10,2944,0,0,0,1,1,1.52E+12,1.52E+12,14090.532,3.005,2.894,14086.613,14089.348,0.912,2.894,1,1,0,0,0,0,0,10.379495,0.328,39.872,18.165245,8,64,64,7.308206,0.014,39.656,15.946093,11,64,64,0,0,0,0,0,0,1,1,7,1,0,1460,164,16,20480,14600,0,164,16,164,0,0,0,0,0,0,0,0,0,1,1,7,1,0,1460,1448,16,15616,14480,0,1480,16,64,0,0,0,0,0,0,0,0,0,0,0,---,6,9,-,-,0,0,0,0,0,0,0,0,0,-,-,0,0,-
172.16.0.1,43230,17,0,16,9,452,6,452,0,0,0,1,1,172.16.0.2,861,17,0,17,5,2944,10,2944,0,0,0,1,1,1.52E+12,1.52E+12,14472.25,2.877,2.806,14468.22,14471.034,1.057,2.806,1,1,0,0,0,0,0,10.522243,0.348,40.263,18.352733,8,64,64,7.359297,0.013,39.882,16.080413,11,64,64,0,0,0,0,0,0,1,1,7,1,0,1460,164,16,20480,14600,0,164,16,164,0,0,0,0,0,0,0,0,0,1,1,7,1,0,1460,1448,16,15616,14480,0,1480,16,64,0,0,0,0,0,0,0,0,0,0,0,---,6,9,-,-,0,0,0,0,0,0,0,0,0,-,-,0,0,-
172.16.0.1,43354,17,0,16,9,452,6,452,0,0,0,1,1,172.16.0.2,861,17,0,17,5,2944,10,2944,0,0,0,1,1,1.52E+12,1.52E+12,13619.691,3.566,3.437,13501.569,13618.231,1.247,3.437,1,1,0,0,0,0,0,10.632117,0.323,40.539,18.401289,8,64,64,7.241571,0.015,39.142,15.760088,11,64,64,0,0,0,0,0,0,1,1,7,1,0,1460,164,16,20480,14600,0,164,16,164,0,0,0,0,0,0,0,0,0,1,1,7,1,0,1460,1448,16,15616,14480,0,1480,16,64,0,0,0,0,0,0,0,0,0,0,0,---,6,9,-,-,0,0,0,0,0,0,0,0,0,-,-,0,0,-
172.16.0.1,43478,17,0,16,9,452,6,452,0,0,0,1,1,172.16.0.2,861,17,0,17,5,2944,10,2944,0,0,0,1,1,1.52E+12,1.52E+12,11824.694,3.237,3.15,11821.371,11823.723,1.131,3.15,1,1,0,0,0,0,0,10.41187,0.372,40.31,18.336497,8,64,64,7.277388,0.02,39.739,15.934595,11,64,64,0,0,0,0,0,0,1,1,7,1,0,1460,164,16,20480,14600,0,164,16,164,0,0,0,0,0,0,0,0,0,1,1,7,1,0,1460,1448,16,15616,14480,0,1480,16,64,0,0,0,0,0,0,0,0,0,0,0,---,6,9,-,-,0,0,0,0,0,0,0,0,0,-,-,0,0,-
172.16.0.1,43570,17,0,16,9,452,6,452,0,0,0,1,1,172.16.0.2,861,17,0,17,5,2944,10,2944,0,0,0,1,1,1.52E+12,1.52E+12,13084.896,3.326,3.251,13080.567,13083.206,1.281,3.251,1,1,0,0,0,0,0,10.518744,0.403,40.63,18.339736,8,64,64,7.317388,0.016,39.512,15.847865,11,64,64,0,0,0,0,0,0,1,1,7,1,0,1460,164,16,20480,14600,0,164,16,164,0,0,0,0,0,0,0,0,0,1,1,7,1,0,1460,1448,16,15616,14480,0,1480,16,64,0,0,0,0,0,0,0,0,0,0,0,---,6,9,-,-,0,0,0,0,0,0,0,0,0,-,-,0,0,-
172.16.0.1,43598,17,0,16,9,452,6,452,0,0,0,1,1,172.16.0.2,861,17,0,17,5,2944,10,2944,0,0,0,1,1,1.52E+12,1.52E+12,12250.046,3.039,2.975,12245.825,12248.522,0.999,2.975,1,1,0,0,0,0,0,10.447244,0.368,40.114,18.174082,8,64,64,7.367933,0.028,40.076,16.036139,11,64,64,0,0,0,0,0,0,1,1,7,1,0,1460,164,16,20480,14600,0,164,16,164,0,0,0,0,0,0,0,0,0,1,1,7,1,0,1460,1448,16,15616,14480,0,1480,16,64,0,0,0,0,0,0,0,0,0,0,0,---,6,9,-,-,0,0,0,0,0,0,0,0,0,-,-,0,0,-
172.16.0.1,43626,17,0,16,9,452,6,452,0,0,0,1,1,172.16.0.2,861,17,0,17,5,2944,10,2944,0,0,0,1,1,1.52E+12,1.52E+12,13821.955,2.893,2.819,13817.991,13820.417,0.989,2.819,1,1,0,0,0,0,0,10.465994,0.307,40.415,18.420628,8,64,64,7.276116,0.015,39.3,15.799629,11,64,64,0,0,0,0,0,0,1,1,7,1,0,1460,164,16,20480,14600,0,164,16,164,0,0,0,0,0,0,0,0,0,1,1,7,1,0,1460,1448,16,15616,14480,0,1480,16,64,0,0,0,0,0,0,0,0,0,0,0,---,6,9,-,-,0,0,0,0,0,0,0,0,0,-,-,0,0,-
172.16.0.1,43654,17,0,16,9,452,6,452,0,0,0,1,1,172.16.0.2,861,17,0,17,5,2944,10,2944,0,0,0,1,1,1.52E+12,1.52E+12,14920.36,3.184,3.102,14916.102,14918.587,1.119,3.102,1,1,0,0,0,0,0,10.424995,0.449,39.945,18.119379,8,64,64,7.394751,0.015,39.956,15.998617,11,64,64,0,0,0,0,0,0,1,1,7,1,0,1460,164,16,20480,14600,0,164,16,164,0,0,0,0,0,0,0,0,0,1,1,7,1,0,1460,1448,16,15616,14480,0,1480,16,64,0,0,0,0,0,0,0,0,0,0,0,---,6,9,-,-,0,0,0,0,0,0,0,0,0,-,-,0,0,-
172.16.0.1,43684,17,0,16,9,452,6,452,0,0,0,1,1,172.16.0.2,861,17,0,17,5,2944,10,2944,0,0,0,1,1,1.52E+12,1.52E+12,13852.231,3.189,3.07,13848.028,13850.866,1.196,3.07,1,1,0,0,0,0,0,10.615492,0.287,40.638,18.486741,8,64,64,7.256661,0.013,39.455,15.822929,11,64,64,0,0,0,0,0,0,1,1,7,1,0,1460,164,16,20480,14600,0,164,16,164,0,0,0,0,0,0,0,0,0,1,1,7,1,0,1460,1448,16,15616,14480,0,1480,16,64,0,0,0,0,0,0,0,0,0,0,0,---,6,9,-,-,0,0,0,0,0,0,0,0,0,-,-,0,0,-
172.16.0.1,43712,17,0,16,9,452,6,452,0,0,0,1,1,172.16.0.2,861,17,0,17,5,2944,10,2944,0,0,0,1,1,1.52E+12,1.52E+12,12114.876,2.859,2.799,12110.774,12112.886,0.885,2.799,1,1,0,0,0,0,0,10.336871,0.303,39.675,18.101816,8,64,64,7.415933,0.017,39.902,16.017217,11,64,64,0,0,0,0,0,0,1,1,7,1,0,1460,164,16,20480,14600,0,164,16,164,0,0,0,0,0,0,0,0,0,1,1,7,1,0,1460,1448,16,15616,14480,0,1480,16,64,0,0,0,0,0,0,0,0,0,0,0,---,6,9,-,-,0,0,0,0,0,0,0,0,0,-,-,0,0,-
172.16.0.1,43740,17,0,16,9,452,6,452,0,0,0,1,1,172.16.0.2,861,17,0,17,5,2944,10,2944,0,0,0,1,1,1.52E+12,1.52E+12,12584.531,2.989,2.921,12578.528,12582.849,0.974,2.921,1,1,0,0,0,0,0,10.503744,0.392,40.536,18.434761,8,64,64,7.374206,0.014,39.667,15.961728,11,64,64,0,0,0,0,0,0,1,1,7,1,0,1460,164,16,20480,14600,0,164,16,164,0,0,0,0,0,0,0,0,0,1,1,7,1,0,1460,1448,16,15616,14480,0,1480,16,64,0,0,0,0,0,0,0,0,0,0,0,---,6,9,-,-,0,0,0,0,0,0,0,0,0,-,-,0,0,-
172.16.0.1,43768,17,0,16,9,452,6,452,0,0,0,1,1,172.16.0.2,861,17,0,17,5,2944,10,2944,0,0,0,1,1,1.52E+12,1.52E+12,13259.858,3.144,3.058,13255.57,13258.166,1.1,3.058,1,1,0,0,0,0,0,10.475994,0.352,40.279,18.30171,8,64,64,7.355479,0.024,40.044,15.93371,11,64,64,0,0,0,0,0,0,1,1,7,1,0,1460,164,16,20480,14600,0,164,16,164,0,0,0,0,0,0,0,0,0,1,1,7,1,0,1460,1448,16,15616,14480,0,1480,16,64,0,0,0,0,0,0,0,0,0,0,0,---,6,9,-,-,0,0,0,0,0,0,0,0,0,-,-,0,0,-
172.16.0.1,43796,17,0,16,9,452,6,452,0,0,0,1,1,172.16.0.2,861,17,0,17,5,2944,10,2944,0,0,0,1,1,1.52E+12,1.52E+12,12825.284,3.155,3.076,12820.858,12823.739,1.098,3.076,1,1,0,0,0,0,0,10.375745,0.256,40.165,18.173131,8,64,64,7.286479,0.016,39.664,15.859837,11,64,64,0,0,0,0,0,0,1,1,7,1,0,1460,164,16,20480,14600,0,164,16,164,0,0,0,0,0,0,0,0,0,1,1,7,1,0,1460,1448,16,15616,14480,0,1480,16,64,0,0,0,0,0,0,0,0,0,0,0,---,6,9,-,-,0,0,0,0,0,0,0,0,0,-,-,0,0,-
172.16.0.1,43824,17,0,16,9,452,6,452,0,0,0,1,1,172.16.0.2,861,17,0,17,5,2944,10,2944,0,0,0,1,1,1.52E+12,1.52E+12,12250.144,3,2.924,12246.032,12248.429,1.134,2.924,1,1,0,0,0,0,0,10.451119,0.291,40.309,18.329678,8,64,64,7.250661,0.013,39.318,15.718716,11,64,64,0,0,0,0,0,0,1,1,7,1,0,1460,164,16,20480,14600,0,164,16,164,0,0,0,0,0,0,0,0,0,1,1,7,1,0,1460,1448,16,15616,14480,0,1480,16,64,0,0,0,0,0,0,0,0,0,0,0,---,6,9,-,-,0,0,0,0,0,0,0,0,0,-,-,0,0,-
172.16.0.1,43852,17,0,16,9,452,6,452,0,0,0,1,1,172.16.0.2,861,17,0,17,5,2944,10,2944,0,0,0,1,1,1.52E+12,1.52E+12,14759.689,3.102,3.029,14755.084,14758.076,1.105,3.029,1,1,0,0,0,0,0,10.461994,0.323,40.154,18.193481,8,64,64,7.34257,0.016,40.065,15.99619,11,64,64,0,0,0,0,0,0,1,1,7,1,0,1460,164,16,20480,14600,0,164,16,164,0,0,0,0,0,0,0,0,0,1,1,7,1,0,1460,1448,16,15616,14480,0,1480,16,64,0,0,0,0,0,0,0,0,0,0,0,---,6,9,-,-,0,0,0,0,0,0,0,0,0,-,-,0,0,-
172.16.0.1,43880,17,0,16,9,452,6,452,0,0,0,1,1,172.16.0.2,861,17,0,17,5,2944,10,2944,0,0,0,1,1,1.52E+12,1.52E+12,14645.734,3,2.931,14641.023,14643.96,1.05,2.931,1,1,0,0,0,0,0,10.476744,0.293,40.367,18.298103,8,64,64,7.381478,0.015,40.531,16.043305,11,64,64,0,0,0,0,0,0,1,1,7,1,0,1460,164,16,20480,14600,0,164,16,164,0,0,0,0,0,0,0,0,0,1,1,7,1,0,1460,1448,16,15616,14480,0,1480,16,64,0,0,0,0,0,0,0,0,0,0,0,---,6,9,-,-,0,0,0,0,0,0,0,0,0,-,-,0,0,-
172.16.0.1,43908,17,0,16,9,452,6,452,0,0,0,1,1,172.16.0.2,861,17,0,17,5,2944,10,2944,0,0,0,1,1,1.52E+12,1.52E+12,14039.744,3.104,3.043,14035.307,14038.208,1.135,3.043,1,1,0,0,0,0,0,10.38462,0.219,40.003,18.224931,8,64,64,7.318661,0.016,39.571,15.89628,11,64,64,0,0,0,0,0,0,1,1,7,1,0,1460,164,16,20480,14600,0,164,16,164,0,0,0,0,0,0,0,0,0,1,1,7,1,0,1460,1448,16,15616,14480,0,1480,16,64,0,0,0,0,0,0,0,0,0,0,0,---,6,9,-,-,0,0,0,0,0,0,0,0,0,-,-,0,0,-
172.16.0.1,43936,17,0,16,9,452,6,452,0,0,0,1,1,172.16.0.2,861,17,0,17,5,2944,10,2944,0,0,0,1,1,1.52E+12,1.52E+12,12497.314,3.07,3.008,12493.6,12495.835,1.27,3.008,1,1,0,0,0,0,0,10.374995,0.246,40.163,18.186796,8,64,64,7.279297,0.014,39.357,15.853923,11,64,64,0,0,0,0,0,0,1,1,7,1,0,1460,164,16,20480,14600,0,164,16,164,0,0,0,0,0,0,0,0,0,1,1,7,1,0,1460,1448,16,15616,14480,0,1480,16,64,0,0,0,0,0,0,0,0,0,0,0,---,6,9,-,-,0,0,0,0,0,0,0,0,0,-,-,0,0,-
172.16.0.1,43966,17,0,16,9,452,6,452,0,0,0,1,1,172.16.0.2,861,17,0,17,5,2944,10,2944,0,0,0,1,1,1.52E+12,1.52E+12,14688.979,3.196,3.047,14684.752,14687.604,0.984,3.047,1,1,0,0,0,0,0,10.41837,0.342,40.016,18.163777,8,64,64,7.305752,0.015,39.621,15.913235,11,64,64,0,0,0,0,0,0,1,1,7,1,0,1460,164,16,20480,14600,0,164,16,164,0,0,0,0,0,0,0,0,0,1,1,7,1,0,1460,1448,16,15616,14480,0,1480,16,64,0,0,0,0,0,0,0,0,0,0,0,---,6,9,-,-,0,0,0,0,0,0,0,0,0,-,-,0,0,-
172.16.0.1,43994,17,0,16,9,452,6,452,0,0,0,1,1,172.16.0.2,861,17,0,17,5,2944,10,2944,0,0,0,1,1,1.52E+12,1.52E+12,12485.566,3.303,3.113,12481.911,12484.402,1.218,3.113,1,1,0,0,0,0,0,10.561118,0.389,40.329,18.30024,8,64,64,7.288116,0.017,39.927,15.9421,11,64,64,0,0,0,0,0,0,1,1,7,1,0,1460,164,16,20480,14600,0,164,16,164,0,0,0,0,0,0,0,0,0,1,1,7,1,0,1460,1448,16,15616,14480,0,1480,16,64,0,0,0,0,0,0,0,0,0,0,0,---,6,9,-,-,0,0,0,0,0,0,0,0,0,-,-,0,0,-
172.16.0.1,44022,17,0,16,9,452,6,452,0,0,0,1,1,172.16.0.2,861,17,0,17,5,2944,10,2944,0,0,0,1,1,1.52E+12,1.52E+12,13892.895,3.409,3.324,13888.655,13891.402,1.113,3.324,1,1,0,0,0,0,0,10.465869,0.414,39.959,18.170153,8,64,64,7.334842,0.014,40.061,15.983519,11,64,64,0,0,0,0,0,0,1,1,7,1,0,1460,164,16,20480,14600,0,164,16,164,0,0,0,0,0,0,0,0,0,1,1,7,1,0,1460,1448,16,15616,14480,0,1480,16,64,0,0,0,0,0,0,0,0,0,0,0,---,6,9,-,-,0,0,0,0,0,0,0,0,0,-,-,0,0,-
172.16.0.1,44050,17,0,16,9,452,6,452,0,0,0,1,1,172.16.0.2,861,17,0,17,5,2944,10,2944,0,0,0,1,1,1.52E+12,1.52E+12,15030.043,2.886,2.816,15021.361,15024.422,1.062,2.816,1,1,0,0,0,0,0,11.074112,0.258,40.561,18.217773,8,64,64,7.426387,0.016,40.057,16.10647,11,64,64,0,0,0,0,0,0,1,1,7,1,0,1460,164,16,20480,14600,0,164,16,164,0,0,0,0,0,0,0,0,0,1,1,7,1,0,1460,1448,16,15616,14480,0,1480,16,64,0,0,0,0,0,0,0,0,0,0,0,---,6,9,-,-,0,0,0,0,0,0,0,0,0,-,-,0,0,-
172.16.0.1,44078,17,0,16,9,452,6,452,0,0,0,1,1,172.16.0.2,861,17,0,17,5,2944,10,2944,0,0,0,1,1,1.52E+12,1.52E+12,13098.552,3.368,3.297,13094.546,13097.073,1.142,3.297,1,1,0,0,0,0,0,10.520243,0.422,40.451,18.320622,8,64,64,7.353024,0.013,40.013,16.036225,11,64,64,0,0,0,0,0,0,1,1,7,1,0,1460,164,16,20480,14600,0,164,16,164,0,0,0,0,0,0,0,0,0,1,1,7,1,0,1460,1448,16,15616,14480,0,1480,16,64,0,0,0,0,0,0,0,0,0,0,0,---,6,9,-,-,0,0,0,0,0,0,0,0,0,-,-,0,0,-
172.16.0.1,44106,17,0,16,9,452,6,452,0,0,0,1,1,172.16.0.2,861,17,0,17,5,2944,10,2944,0,0,0,1,1,1.52E+12,1.52E+12,14702.816,2.966,2.896,14699.474,14701.639,1.162,2.896,1,1,0,0,0,0,0,10.454744,0.251,40.379,18.292277,8,64,64,7.289479,0.014,39.929,15.936401,11,64,64,0,0,0,0,0,0,1,1,7,1,0,1460,164,16,20480,14600,0,164,16,164,0,0,0,0,0,0,0,0,0,1,1,7,1,0,1460,1448,16,15616,14480,0,1480,16,64,0,0,0,0,0,0,0,0,0,0,0,---,6,9,-,-,0,0,0,0,0,0,0,0,0,-,-,0,0,-
172.16.0.1,44134,17,0,16,9,452,6,452,0,0,0,1,1,172.16.0.2,861,17,0,17,5,2944,10,2944,0,0,0,1,1,1.52E+12,1.52E+12,13532.809,3.189,3.113,13529.169,13531.628,1.109,3.113,1,1,0,0,0,0,0,10.485369,0.387,40.547,18.362923,8,64,64,7.309206,0.017,39.794,15.968062,11,64,64,0,0,0,0,0,0,1,1,7,1,0,1460,164,16,20480,14600,0,164,16,164,0,0,0,0,0,0,0,0,0,1,1,7,1,0,1460,1448,16,15616,14480,0,1480,16,64,0,0,0,0,0,0,0,0,0,0,0,---,6,9,-,-,0,0,0,0,0,0,0,0,0,-,-,0,0,-
172.16.0.1,44162,17,0,16,9,452,6,452,0,0,0,1,1,172.16.0.2,861,17,0,17,5,2944,10,2944,0,0,0,1,1,1.52E+12,1.52E+12,13685.237,3.105,3.011,13653.552,13683.673,1.086,3.011,1,1,0,0,0,0,0,10.471994,0.389,40.136,18.286001,8,64,64,7.336388,0.016,39.988,15.934973,11,64,64,0,0,0,0,0,0,1,1,7,1,0,1460,164,16,20480,14600,0,164,16,164,0,0,0,0,0,0,0,0,0,1,1,7,1,0,1460,1448,16,15616,14480,0,1480,16,64,0,0,0,0,0,0,0,0,0,0,0,---,6,9,-,-,0,0,0,0,0,0,0,0,0,-,-,0,0,-
172.16.0.1,44190,17,0,16,9,452,6,452,0,0,0,1,1,172.16.0.2,861,17,0,17,5,2944,10,2944,0,0,0,1,1,1.52E+12,1.52E+12,13634.513,3.227,3.117,13631.023,13633.392,1.118,3.117,1,1,0,0,0,0,0,10.383495,0.269,39.827,18.170318,8,64,64,7.276934,0.013,39.553,15.885784,11,64,64,0,0,0,0,0,0,1,1,7,1,0,1460,164,16,20480,14600,0,164,16,164,0,0,0,0,0,0,0,0,0,1,1,7,1,0,1460,1448,16,15616,14480,0,1480,16,64,0,0,0,0,0,0,0,0,0,0,0,---,6,9,-,-,0,0,0,0,0,0,0,0,0,-,-,0,0,-
172.16.0.1,44218,17,0,16,9,452,6,452,0,0,0,1,1,172.16.0.2,861,17,0,17,5,2944,10,2944,0,0,0,1,1,1.52E+12,1.52E+12,14192.533,3.036,2.974,14189.103,14191.463,1.1,2.974,1,1,0,0,0,0,0,10.499744,0.269,40.361,18.362362,8,64,64,7.350297,0.017,40.015,16.114018,11,64,64,0,0,0,0,0,0,1,1,7,1,0,1460,164,16,20480,14600,0,164,16,164,0,0,0,0,0,0,0,0,0,1,1,7,1,0,1460,1448,16,15616,14480,0,1480,16,64,0,0,0,0,0,0,0,0,0,0,0,---,6,9,-,-,0,0,0,0,0,0,0,0,0,-,-,0,0,-
172.16.0.1,44248,17,0,16,9,452,6,452,0,0,0,1,1,172.16.0.2,861,17,0,17,5,2944,10,2944,0,0,0,1,1,1.52E+12,1.52E+12,13384.981,3.115,3.046,13380.793,13383.779,1.068,3.046,1,1,0,0,0,0,0,10.485744,0.361,40.493,18.302539,8,64,64,7.278388,0.016,39.602,15.930532,11,64,64,0,0,0,0,0,0,1,1,7,1,0,1460,164,16,20480,14600,0,164,16,164,0,0,0,0,0,0,0,0,0,1,1,7,1,0,1460,1448,16,15616,14480,0,1480,16,64,0,0,0,0,0,0,0,0,0,0,0,---,6,9,-,-,0,0,0,0,0,0,0,0,0,-,-,0,0,-
172.16.0.1,44276,17,0,16,9,452,6,452,0,0,0,1,1,172.16.0.2,861,17,0,17,5,2944,10,2944,0,0,0,1,1,1.52E+12,1.52E+12,13550.502,2.828,2.734,13545.938,13548.592,0.992,2.734,1,1,0,0,0,0,0,10.479494,0.265,40.647,18.34358,8,64,64,7.350479,0.016,39.868,15.900117,11,64,64,0,0,0,0,0,0,1,1,7,1,0,1460,164,16,20480,14600,0,164,16,164,0,0,0,0,0,0,0,0,0,1,1,7,1,0,1460,1448,16,15616,14480,0,1480,16,64,0,0,0,0,0,0,0,0,0,0,0,---,6,9,-,-,0,0,0,0,0,0,0,0,0,-,-,0,0,-
172.16.0.1,44304,17,0,16,9,452,6,452,0,0,0,1,1,172.16.0.2,861,17,0,17,5,2944,10,2944,0,0,0,1,1,1.52E+12,1.52E+12,13428.174,2.757,2.681,13423.836,13426.492,0.94,2.681,1,1,0,0,0,0,0,10.394245,0.338,40.122,18.194313,8,64,64,7.319115,0.015,39.526,15.858485,11,64,64,0,0,0,0,0,0,1,1,7,1,0,1460,164,16,20480,14600,0,164,16,164,0,0,0,0,0,0,0,0,0,1,1,7,1,0,1460,1448,16,15616,14480,0,1480,16,64,0,0,0,0,0,0,0,0,0,0,0,---,6,9,-,-,0,0,0,0,0,0,0,0,0,-,-,0,0,-
172.16.0.1,44332,17,0,16,9,452,6,452,0,0,0,1,1,172.16.0.2,861,17,0,17,5,2944,10,2944,0,0,0,1,1,1.52E+12,1.52E+12,13696.313,3.376,3.292,13690.94,13693.963,1.337,3.292,1,1,0,0,0,0,0,10.681491,0.49,40.069,18.105882,8,64,64,7.341933,0.016,39.957,16.040185,11,64,64,0,0,0,0,0,0,1,1,7,1,0,1460,164,16,20480,14600,0,164,16,164,0,0,0,0,0,0,0,0,0,1,1,7,1,0,1460,1448,16,15616,14480,0,1480,16,64,0,0,0,0,0,0,0,0,0,0,0,---,6,9,-,-,0,0,0,0,0,0,0,0,0,-,-,0,0,-
172.16.0.1,44360,17,0,16,9,452,6,452,0,0,0,1,1,172.16.0.2,861,17,0,17,5,2944,10,2944,0,0,0,1,1,1.52E+12,1.52E+12,13807.536,3.236,3.146,13802.764,13805.792,1.221,3.146,1,1,0,0,0,0,0,10.485244,0.364,40.02,18.223995,8,64,64,7.324843,0.015,39.613,15.894864,11,64,64,0,0,0,0,0,0,1,1,7,1,0,1460,164,16,20480,14600,0,164,16,164,0,0,0,0,0,0,0,0,0,1,1,7,1,0,1460,1448,16,15616,14480,0,1480,16,64,0,0,0,0,0,0,0,0,0,0,0,---,6,9,-,-,0,0,0,0,0,0,0,0,0,-,-,0,0,-
172.16.0.1,44388,17,0,16,9,452,6,452,0,0,0,1,1,172.16.0.2,861,17,0,17,5,2944,10,2944,0,0,0,1,1,1.52E+12,1.52E+12,14979.35,2.573,2.511,14974.789,14977.867,0.92,2.511,1,1,0,0,0,0,0,10.36537,0.362,39.836,18.152585,8,64,64,7.226843,0.016,39.298,15.747765,11,64,64,0,0,0,0,0,0,1,1,7,1,0,1460,164,16,20480,14600,0,164,16,164,0,0,0,0,0,0,0,0,0,1,1,7,1,0,1460,1448,16,15616,14480,0,1480,16,64,0,0,0,0,0,0,0,0,0,0,0,---,6,9,-,-,0,0,0,0,0,0,0,0,0,-,-,0,0,-
172.16.0.1,44416,17,0,16,9,452,6,452,0,0,0,1,1,172.16.0.2,861,17,0,17,5,2944,10,2944,0,0,0,1,1,1.52E+12,1.52E+12,15271.043,3.033,2.959,15266.762,15269.488,1.121,2.959,1,1,0,0,0,0,0,10.358496,0.381,39.75,18.092669,8,64,64,7.365297,0.017,39.824,16.001807,11,64,64,0,0,0,0,0,0,1,1,7,1,0,1460,164,16,20480,14600,0,164,16,164,0,0,0,0,0,0,0,0,0,1,1,7,1,0,1460,1448,16,15616,14480,0,1480,16,64,0,0,0,0,0,0,0,0,0,0,0,---,6,9,-,-,0,0,0,0,0,0,0,0,0,-,-,0,0,-
172.16.0.1,44444,17,0,16,9,452,6,452,0,0,0,1,1,172.16.0.2,861,17,0,17,5,2944,10,2944,0,0,0,1,1,1.52E+12,1.52E+12,12585.835,2.766,2.738,12581.411,12583.987,0.91,2.738,1,1,0,0,0,0,0,10.484994,0.262,40.584,18.352993,8,64,64,7.378569,0.015,40.098,15.981983,11,64,64,0,0,0,0,0,0,1,1,7,1,0,1460,164,16,20480,14600,0,164,16,164,0,0,0,0,0,0,0,0,0,1,1,7,1,0,1460,1448,16,15616,14480,0,1480,16,64,0,0,0,0,0,0,0,0,0,0,0,---,6,9,-,-,0,0,0,0,0,0,0,0,0,-,-,0,0,-
172.16.0.1,44472,17,0,16,9,452,6,452,0,0,0,1,1,172.16.0.2,861,17,0,17,5,2944,10,2944,0,0,0,1,1,1.52E+12,1.52E+12,13099.334,3.136,3.07,13094.85,13098.109,1.11,3.07,1,1,0,0,0,0,0,10.421995,0.348,39.726,18.071957,8,64,64,7.363569,0.017,39.952,16.093633,11,64,64,0,0,0,0,0,0,1,1,7,1,0,1460,164,16,20480,14600,0,164,16,164,0,0,0,0,0,0,0,0,0,1,1,7,1,0,1460,1448,16,15616,14480,0,1480,16,64,0,0,0,0,0,0,0,0,0,0,0,---,6,9,-,-,0,0,0,0,0,0,0,0,0,-,-,0,0,-
172.16.0.1,44500,17,0,16,9,452,6,452,0,0,0,1,1,172.16.0.2,861,17,0,17,5,2944,10,2944,0,0,0,1,1,1.52E+12,1.52E+12,13578.146,3.232,3.045,13573.165,13576.345,1.197,3.045,1,1,0,0,0,0,0,10.509494,0.41,40.226,18.269679,8,64,64,7.365388,0.026,39.764,15.933545,11,64,64,0,0,0,0,0,0,1,1,7,1,0,1460,164,16,20480,14600,0,164,16,164,0,0,0,0,0,0,0,0,0,1,1,7,1,0,1460,1448,16,15616,14480,0,1480,16,64,0,0,0,0,0,0,0,0,0,0,0,---,6,9,-,-,0,0,0,0,0,0,0,0,0,-,-,0,0,-
172.16.0.1,44530,17,0,16,9,452,6,452,0,0,0,1,1,172.16.0.2,861,17,0,17,5,2944,10,2944,0,0,0,1,1,1.52E+12,1.52E+12,12671.398,3.378,3.265,12666.643,12669.48,1.08,3.265,1,1,0,0,0,0,0,10.347871,0.285,39.711,18.088567,8,64,64,7.361933,0.017,39.736,15.919005,11,64,64,0,0,0,0,0,0,1,1,7,1,0,1460,164,16,20480,14600,0,164,16,164,0,0,0,0,0,0,0,0,0,1,1,7,1,0,1460,1448,16,15616,14480,0,1480,16,64,0,0,0,0,0,0,0,0,0,0,0,---,6,9,-,-,0,0,0,0,0,0,0,0,0,-,-,0,0,-
172.16.0.1,44558,17,0,16,9,452,6,452,0,0,0,1,1,172.16.0.2,861,17,0,17,5,2944,10,2944,0,0,0,1,1,1.52E+12,1.52E+12,10640.837,2.779,2.708,10636.896,10639.502,0.951,2.708,1,1,0,0,0,0,0,10.493869,0.422,40.451,18.377188,8,64,64,7.370933,0.014,40.008,16.080693,11,64,64,0,0,0,0,0,0,1,1,7,1,0,1460,164,16,20480,14600,0,164,16,164,0,0,0,0,0,0,0,0,0,1,1,7,1,0,1460,1448,16,15616,14480,0,1480,16,64,0,0,0,0,0,0,0,0,0,0,0,---,6,9,-,-,0,0,0,0,0,0,0,0,0,-,-,0,0,-
172.16.0.1,44586,17,0,16,9,452,6,452,0,0,0,1,1,172.16.0.2,861,17,0,17,5,2944,10,2944,0,0,0,1,1,1.52E+12,1.52E+12,13671.58,3.29,3.183,13668.1,13670.139,1.007,3.183,1,1,0,0,0,0,0,10.467244,0.381,40.036,18.240707,8,64,64,7.292479,0.012,39.666,15.88783,11,64,64,0,0,0,0,0,0,1,1,7,1,0,1460,164,16,20480,14600,0,164,16,164,0,0,0,0,0,0,0,0,0,1,1,7,1,0,1460,1448,16,15616,14480,0,1480,16,64,0,0,0,0,0,0,0,0,0,0,0,---,6,9,-,-,0,0,0,0,0,0,0,0,0,-,-,0,0,-
172.16.0.1,44614,17,0,16,9,452,6,452,0,0,0,1,1,172.16.0.2,861,17,0,17,5,2944,10,2944,0,0,0,1,1,1.52E+12,1.52E+12,14626.106,3.274,3.132,14622.051,14624.718,1.114,3.132,1,1,0,0,0,0,0,10.517994,0.371,40.217,18.278159,8,64,64,7.299843,0.017,39.746,15.905484,11,64,64,0,0,0,0,0,0,1,1,7,1,0,1460,164,16,20480,14600,0,164,16,164,0,0,0,0,0,0,0,0,0,1,1,7,1,0,1460,1448,16,15616,14480,0,1480,16,64,0,0,0,0,0,0,0,0,0,0,0,---,6,9,-,-,0,0,0,0,0,0,0,0,0,-,-,0,0,-
172.16.0.1,44642,17,0,16,9,452,6,452,0,0,0,1,1,172.16.0.2,861,17,0,17,5,2944,10,2944,0,0,0,1,1,1.52E+12,1.52E+12,14190.663,3.21,3.098,14186.519,14189.156,0.969,3.098,1,1,0,0,0,0,0,10.482119,0.342,40.601,18.305142,8,64,64,7.352933,0.017,40.098,15.979001,11,64,64,0,0,0,0,0,0,1,1,7,1,0,1460,164,16,20480,14600,0,164,16,164,0,0,0,0,0,0,0,0,0,1,1,7,1,0,1460,1448,16,15616,14480,0,1480,16,64,0,0,0,0,0,0,0,0,0,0,0,---,6,9,-,-,0,0,0,0,0,0,0,0,0,-,-,0,0,-
172.16.0.1,44670,17,0,16,9,452,6,452,0,0,0,1,1,172.16.0.2,861,17,0,17,5,2944,10,2944,0,0,0,1,1,1.52E+12,1.52E+12,13869.319,3.07,3.003,13864.507,13866.627,1.012,3.003,1,1,0,0,0,0,0,10.577118,0.321,40.386,18.23316,8,64,64,7.327388,0.01,39.891,15.915008,11,64,64,0,0,0,0,0,0,1,1,7,1,0,1460,164,16,20480,14600,0,164,16,164,0,0,0,0,0,0,0,0,0,1,1,7,1,0,1460,1448,16,15616,14480,0,1480,16,64,0,0,0,0,0,0,0,0,0,0,0,---,6,9,-,-,0,0,0,0,0,0,0,0,0,-,-,0,0,-
172.16.0.1,44698,17,0,16,9,452,6,452,0,0,0,1,1,172.16.0.2,861,17,0,17,5,2944,10,2944,0,0,0,1,1,1.52E+12,1.52E+12,12926.965,3.403,3.337,12922.812,12925.146,1.174,3.337,1,1,0,0,0,0,0,10.43912,0.357,39.933,18.184201,8,64,64,7.306479,0.013,39.343,15.823158,11,64,64,0,0,0,0,0,0,1,1,7,1,0,1460,164,16,20480,14600,0,164,16,164,0,0,0,0,0,0,0,0,0,1,1,7,1,0,1460,1448,16,15616,14480,0,1480,16,64,0,0,0,0,0,0,0,0,0,0,0,---,6,9,-,-,0,0,0,0,0,0,0,0,0,-,-,0,0,-
172.16.0.1,44726,17,0,16,9,452,6,452,0,0,0,1,1,172.16.0.2,861,17,0,17,5,2944,10,2944,0,0,0,1,1,1.52E+12,1.52E+12,14183.884,2.863,2.794,14112.695,14182.059,0.805,2.794,1,1,0,0,0,0,0,10.469369,0.325,40.42,18.284802,8,64,64,7.286661,0.015,39.515,15.838935,11,64,64,0,0,0,0,0,0,1,1,7,1,0,1460,164,16,20480,14600,0,164,16,164,0,0,0,0,0,0,0,0,0,1,1,7,1,0,1460,1448,16,15616,14480,0,1480,16,64,0,0,0,0,0,0,0,0,0,0,0,---,6,9,-,-,0,0,0,0,0,0,0,0,0,-,-,0,0,-
172.16.0.1,44764,17,0,16,9,452,6,452,0,0,0,1,1,172.16.0.2,861,17,0,17,5,2944,10,2944,0,0,0,1,1,1.52E+12,1.52E+12,14092.152,3.324,3.246,14088.842,14091.014,1.152,3.246,1,1,0,0,0,0,0,10.38287,0.261,39.848,18.138234,8,64,64,7.298025,0.018,39.8,15.93276,11,64,64,0,0,0,0,0,0,1,1,7,1,0,1460,164,16,20480,14600,0,164,16,164,0,0,0,0,0,0,0,0,0,1,1,7,1,0,1460,1448,16,15616,14480,0,1480,16,64,0,0,0,0,0,0,0,0,0,0,0,---,6,9,-,-,0,0,0,0,0,0,0,0,0,-,-,0,0,-
172.16.0.1,44792,17,0,16,9,452,6,452,0,0,0,1,1,172.16.0.2,861,17,0,17,5,2944,10,2944,0,0,0,1,1,1.52E+12,1.52E+12,14436.104,2.871,2.803,14431.373,14434.221,0.959,2.803,1,1,0,0,0,0,0,10.442119,0.341,40.263,18.280313,8,64,64,7.372569,0.014,40.044,15.977876,11,64,64,0,0,0,0,0,0,1,1,7,1,0,1460,164,16,20480,14600,0,164,16,164,0,0,0,0,0,0,0,0,0,1,1,7,1,0,1460,1448,16,15616,14480,0,1480,16,64,0,0,0,0,0,0,0,0,0,0,0,---,6,9,-,-,0,0,0,0,0,0,0,0,0,-,-,0,0,-
172.16.0.1,44828,17,0,16,9,452,6,452,0,0,0,1,1,172.16.0.2,861,17,0,17,5,2944,10,2944,0,0,0,1,1,1.52E+12,1.52E+12,12297.622,4.446,4.343,12292.824,12295.78,1.247,4.343,1,1,0,0,0,0,0,10.523243,0.436,40.315,18.187024,8,64,64,7.30757,0.014,39.373,15.792594,11,64,64,0,0,0,0,0,0,1,1,7,1,0,1460,164,16,20480,14600,0,164,16,164,0,0,0,0,0,0,0,0,0,1,1,7,1,0,1460,1448,16,15616,14480,0,1480,16,64,0,0,0,0,0,0,0,0,0,0,0,---,6,9,-,-,0,0,0,0,0,0,0,0,0,-,-,0,0,-
172.16.0.1,44856,17,0,16,9,452,6,452,0,0,0,1,1,172.16.0.2,861,17,0,17,5,2944,10,2944,0,0,0,1,1,1.52E+12,1.52E+12,11769.807,3.241,3.17,11765.15,11767.982,1.131,3.17,1,1,0,0,0,0,0,10.518744,0.325,40.242,18.268853,8,64,64,7.381478,0.018,39.907,16.002785,11,64,64,0,0,0,0,0,0,1,1,7,1,0,1460,164,16,20480,14600,0,164,16,164,0,0,0,0,0,0,0,0,0,1,1,7,1,0,1460,1448,16,15616,14480,0,1480,16,64,0,0,0,0,0,0,0,0,0,0,0,---,6,9,-,-,0,0,0,0,0,0,0,0,0,-,-,0,0,-
172.16.0.1,44884,17,0,16,9,452,6,452,0,0,0,1,1,172.16.0.2,861,17,0,17,5,2944,10,2944,0,0,0,1,1,1.52E+12,1.52E+12,11805.783,3.009,2.907,11801.883,11804.523,1.107,2.907,1,1,0,0,0,0,0,10.41912,0.188,40.172,18.268662,8,64,64,7.267207,0.018,39.625,15.876814,11,64,64,0,0,0,0,0,0,1,1,7,1,0,1460,164,16,20480,14600,0,164,16,164,0,0,0,0,0,0,0,0,0,1,1,7,1,0,1460,1448,16,15616,14480,0,1480,16,64,0,0,0,0,0,0,0,0,0,0,0,---,6,9,-,-,0,0,0,0,0,0,0,0,0,-,-,0,0,-
172.16.0.1,44912,17,0,16,9,452,6,452,0,0,0,1,1,172.16.0.2,861,17,0,17,5,2944,10,2944,0,0,0,1,1,1.52E+12,1.52E+12,13212.981,3.148,3.091,13208.314,13211.092,1.144,3.091,1,1,0,0,0,0,0,10.542868,0.31,40.323,18.347079,8,64,64,7.421842,0.014,39.964,16.069557,11,64,64,0,0,0,0,0,0,1,1,7,1,0,1460,164,16,20480,14600,0,164,16,164,0,0,0,0,0,0,0,0,0,1,1,7,1,0,1460,1448,16,15616,14480,0,1480,16,64,0,0,0,0,0,0,0,0,0,0,0,---,6,9,-,-,0,0,0,0,0,0,0,0,0,-,-,0,0,-
172.16.0.1,44940,17,0,16,9,452,6,452,0,0,0,1,1,172.16.0.2,861,17,0,17,5,2944,10,2944,0,0,0,1,1,1.52E+12,1.52E+12,15948.2,3.287,3.191,15943.53,15946.415,0.971,3.191,1,1,0,0,0,0,0,10.36512,0.297,39.68,18.066873,8,64,64,7.379751,0.018,40.124,15.99547,11,64,64,0,0,0,0,0,0,1,1,7,1,0,1460,164,16,20480,14600,0,164,16,164,0,0,0,0,0,0,0,0,0,1,1,7,1,0,1460,1448,16,15616,14480,0,1480,16,64,0,0,0,0,0,0,0,0,0,0,0,---,6,9,-,-,0,0,0,0,0,0,0,0,0,-,-,0,0,-
172.16.0.1,44968,17,0,16,9,452,6,452,0,0,0,1,1,172.16.0.2,861,17,0,17,5,2944,10,2944,0,0,0,1,1,1.52E+12,1.52E+12,12950.239,3.198,3.13,12946.217,12949.009,1.211,3.13,1,1,0,0,0,0,0,10.41637,0.261,40.022,18.235655,8,64,64,7.280843,0.013,39.603,15.900876,11,64,64,0,0,0,0,0,0,1,1,7,1,0,1460,164,16,20480,14600,0,164,16,164,0,0,0,0,0,0,0,0,0,1,1,7,1,0,1460,1448,16,15616,14480,0,1480,16,64,0,0,0,0,0,0,0,0,0,0,0,---,6,9,-,-,0,0,0,0,0,0,0,0,0,-,-,0,0,-
172.16.0.1,44996,17,0,16,9,452,6,452,0,0,0,1,1,172.16.0.2,861,17,0,17,5,2944,10,2944,0,0,0,1,1,1.52E+12,1.52E+12,14189.93,3.001,2.939,14185.538,14188.259,1.088,2.939,1,1,0,0,0,0,0,10.480619,0.265,40.377,18.367128,8,64,64,7.338297,0.012,39.637,15.944857,11,64,64,0,0,0,0,0,0,1,1,7,1,0,1460,164,16,20480,14600,0,164,16,164,0,0,0,0,0,0,0,0,0,1,1,7,1,0,1460,1448,16,15616,14480,0,1480,16,64,0,0,0,0,0,0,0,0,0,0,0,---,6,9,-,-,0,0,0,0,0,0,0,0,0,-,-,0,0,-
172.16.0.1,45024,17,0,16,9,452,6,452,0,0,0,1,1,172.16.0.2,861,17,0,17,5,2944,10,2944,0,0,0,1,1,1.52E+12,1.52E+12,13656.882,3.022,2.92,13652.269,13655.045,1.007,2.92,1,1,0,0,0,0,0,10.458869,0.35,40.284,18.357216,8,64,64,7.365478,0.013,39.723,15.934002,11,64,64,0,0,0,0,0,0,1,1,7,1,0,1460,164,16,20480,14600,0,164,16,164,0,0,0,0,0,0,0,0,0,1,1,7,1,0,1460,1448,16,15616,14480,0,1480,16,64,0,0,0,0,0,0,0,0,0,0,0,---,6,9,-,-,0,0,0,0,0,0,0,0,0,-,-,0,0,-
172.16.0.1,45052,17,0,16,9,452,6,452,0,0,0,1,1,172.16.0.2,861,17,0,17,5,2944,10,2944,0,0,0,1,1,1.52E+12,1.52E+12,12032.594,2.898,2.823,12028.642,12030.892,1.109,2.823,1,1,0,0,0,0,0,10.41287,0.323,40.001,18.209114,8,64,64,7.394569,0.015,39.965,16.054832,11,64,64,0,0,0,0,0,0,1,1,7,1,0,1460,164,16,20480,14600,0,164,16,164,0,0,0,0,0,0,0,0,0,1,1,7,1,0,1460,1448,16,15616,14480,0,1480,16,64,0,0,0,0,0,0,0,0,0,0,0,---,6,9,-,-,0,0,0,0,0,0,0,0,0,-,-,0,0,-
172.16.0.1,45080,17,0,16,9,452,6,452,0,0,0,1,1,172.16.0.2,861,17,0,17,5,2944,10,2944,0,0,0,1,1,1.52E+12,1.52E+12,12526.236,2.842,2.737,12437.364,12524.362,0.9,2.737,1,1,0,0,0,0,0,10.514494,0.251,40.595,18.441185,8,64,64,7.350388,0.016,39.837,15.921437,11,64,64,0,0,0,0,0,0,1,1,7,1,0,1460,164,16,20480,14600,0,164,16,164,0,0,0,0,0,0,0,0,0,1,1,7,1,0,1460,1448,16,15616,14480,0,1480,16,64,0,0,0,0,0,0,0,0,0,0,0,---,6,9,-,-,0,0,0,0,0,0,0,0,0,-,-,0,0,-
172.16.0.1,45110,17,0,16,9,452,6,452,0,0,0,1,1,172.16.0.2,861,17,0,17,5,2944,10,2944,0,0,0,1,1,1.52E+12,1.52E+12,13684.412,3.182,3.091,13680.466,13682.567,1.069,3.091,1,1,0,0,0,0,0,10.475619,0.412,40.139,18.273397,8,64,64,7.322479,0.017,39.59,15.88436,11,64,64,0,0,0,0,0,0,1,1,7,1,0,1460,164,16,20480,14600,0,164,16,164,0,0,0,0,0,0,0,0,0,1,1,7,1,0,1460,1448,16,15616,14480,0,1480,16,64,0,0,0,0,0,0,0,0,0,0,0,---,6,9,-,-,0,0,0,0,0,0,0,0,0,-,-,0,0,-
172.16.0.1,45138,17,0,16,9,452,6,452,0,0,0,1,1,172.16.0.2,861,17,0,17,5,2944,10,2944,0,0,0,1,1,1.52E+12,1.52E+12,12986.305,3.25,3.144,12982.032,12984.787,1.242,3.144,1,1,0,0,0,0,0,10.520993,0.476,40.457,18.268757,8,64,64,7.315752,0.013,39.742,15.89521,11,64,64,0,0,0,0,0,0,1,1,7,1,0,1460,164,16,20480,14600,0,164,16,164,0,0,0,0,0,0,0,0,0,1,1,7,1,0,1460,1448,16,15616,14480,0,1480,16,64,0,0,0,0,0,0,0,0,0,0,0,---,6,9,-,-,0,0,0,0,0,0,0,0,0,-,-,0,0,-
172.16.0.1,45166,17,0,16,9,452,6,452,0,0,0,1,1,172.16.0.2,861,17,0,17,5,2944,10,2944,0,0,0,1,1,1.52E+12,1.52E+12,14552.396,3.223,3.153,14548.821,14551.517,1.17,3.153,1,1,0,0,0,0,0,10.423745,0.356,40.051,18.182121,8,64,64,7.252934,0.015,39.508,15.933443,11,64,64,0,0,0,0,0,0,1,1,7,1,0,1460,164,16,20480,14600,0,164,16,164,0,0,0,0,0,0,0,0,0,1,1,7,1,0,1460,1448,16,15616,14480,0,1480,16,64,0,0,0,0,0,0,0,0,0,0,0,---,6,9,-,-,0,0,0,0,0,0,0,0,0,-,-,0,0,-
172.16.0.1,45194,17,0,16,9,452,6,452,0,0,0,1,1,172.16.0.2,861,17,0,17,5,2944,10,2944,0,0,0,1,1,1.52E+12,1.52E+12,14364.682,3.037,2.961,14360.378,14362.72,1.169,2.961,1,1,0,0,0,0,0,10.510494,0.399,40.288,18.319349,8,64,64,7.415933,0.016,39.825,16.011014,11,64,64,0,0,0,0,0,0,1,1,7,1,0,1460,164,16,20480,14600,0,164,16,164,0,0,0,0,0,0,0,0,0,1,1,7,1,0,1460,1448,16,15616,14480,0,1480,16,64,0,0,0,0,0,0,0,0,0,0,0,---,6,9,-,-,0,0,0,0,0,0,0,0,0,-,-,0,0,-
172.16.0.1,45222,17,0,16,9,452,6,452,0,0,0,1,1,172.16.0.2,861,17,0,17,5,2944,10,2944,0,0,0,1,1,1.52E+12,1.52E+12,13337.072,2.87,2.797,13332.346,13335.433,0.849,2.797,1,1,0,0,0,0,0,10.40337,0.356,40.07,18.225087,8,64,64,7.295934,0.016,39.458,15.854365,11,64,64,0,0,0,0,0,0,1,1,7,1,0,1460,164,16,20480,14600,0,164,16,164,0,0,0,0,0,0,0,0,0,1,1,7,1,0,1460,1448,16,15616,14480,0,1480,16,64,0,0,0,0,0,0,0,0,0,0,0,---,6,9,-,-,0,0,0,0,0,0,0,0,0,-,-,0,0,-
172.16.0.1,45250,17,0,16,9,452,6,452,0,0,0,1,1,172.16.0.2,861,17,0,17,5,2944,10,2944,0,0,0,1,1,1.52E+12,1.52E+12,14803.178,4.897,4.8,14799.94,14802.365,0.94,4.8,1,1,0,0,0,0,0,10.496869,0.344,40.3,18.38584,8,64,64,7.280116,0.013,39.556,15.929775,11,64,64,0,0,0,0,0,0,1,1,7,1,0,1460,164,16,20480,14600,0,164,16,164,0,0,0,0,0,0,0,0,0,1,1,7,1,0,1460,1448,16,15616,14480,0,1480,16,64,0,0,0,0,0,0,0,0,0,0,0,---,6,9,-,-,0,0,0,0,0,0,0,0,0,-,-,0,0,-
172.16.0.1,45278,17,0,16,9,452,6,452,0,0,0,1,1,172.16.0.2,861,17,0,17,5,2944,10,2944,0,0,0,1,1,1.52E+12,1.52E+12,11226.701,3.063,2.98,11221.89,11224.79,1.038,2.98,1,1,0,0,0,0,0,10.585743,0.485,40.443,18.391258,8,64,64,7.329388,0.017,39.561,15.891153,11,64,64,0,0,0,0,0,0,1,1,7,1,0,1460,164,16,20480,14600,0,164,16,164,0,0,0,0,0,0,0,0,0,1,1,7,1,0,1460,1448,16,15616,14480,0,1480,16,64,0,0,0,0,0,0,0,0,0,0,0,---,6,9,-,-,0,0,0,0,0,0,0,0,0,-,-,0,0,-
172.16.0.1,45306,17,0,16,9,452,6,452,0,0,0,1,1,172.16.0.2,861,17,0,17,5,2944,10,2944,0,0,0,1,1,1.52E+12,1.52E+12,14058.823,3.289,3.158,14055.033,14057.621,1.182,3.158,1,1,0,0,0,0,0,10.513619,0.384,40.134,18.278117,8,64,64,7.284661,0.014,39.658,15.89715,11,64,64,0,0,0,0,0,0,1,1,7,1,0,1460,164,16,20480,14600,0,164,16,164,0,0,0,0,0,0,0,0,0,1,1,7,1,0,1460,1448,16,15616,14480,0,1480,16,64,0,0,0,0,0,0,0,0,0,0,0,---,6,9,-,-,0,0,0,0,0,0,0,0,0,-,-,0,0,-
172.16.0.1,45334,17,0,16,9,452,6,452,0,0,0,1,1,172.16.0.2,861,17,0,17,5,2944,10,2944,0,0,0,1,1,1.52E+12,1.52E+12,13136.734,3.27,3.12,13132.468,13135.081,0.994,3.12,1,1,0,0,0,0,0,10.451119,0.386,40.125,18.233571,8,64,64,7.36966,0.015,40.078,15.960288,11,64,64,0,0,0,0,0,0,1,1,7,1,0,1460,164,16,20480,14600,0,164,16,164,0,0,0,0,0,0,0,0,0,1,1,7,1,0,1460,1448,16,15616,14480,0,1480,16,64,0,0,0,0,0,0,0,0,0,0,0,---,6,9,-,-,0,0,0,0,0,0,0,0,0,-,-,0,0,-
172.16.0.1,45362,17,0,16,9,452,6,452,0,0,0,1,1,172.16.0.2,861,17,0,17,5,2944,10,2944,0,0,0,1,1,1.52E+12,1.52E+12,12942.711,2.994,2.883,12939.06,12941.588,1.115,2.883,1,1,0,0,0,0,0,10.480619,0.319,40.619,18.319398,8,64,64,7.330842,0.016,39.906,16.034973,11,64,64,0,0,0,0,0,0,1,1,7,1,0,1460,164,16,20480,14600,0,164,16,164,0,0,0,0,0,0,0,0,0,1,1,7,1,0,1460,1448,16,15616,14480,0,1480,16,64,0,0,0,0,0,0,0,0,0,0,0,---,6,9,-,-,0,0,0,0,0,0,0,0,0,-,-,0,0,-
172.16.0.1,45392,17,0,16,9,452,6,452,0,0,0,1,1,172.16.0.2,861,17,0,17,5,2944,10,2944,0,0,0,1,1,1.52E+12,1.52E+12,12336.601,3.566,3.441,12332.209,12335.044,1.229,3.441,1,1,0,0,0,0,0,10.491119,0.293,39.961,18.176663,8,64,64,7.297388,0.016,40.093,15.887863,11,64,64,0,0,0,0,0,0,1,1,7,1,0,1460,164,16,20480,14600,0,164,16,164,0,0,0,0,0,0,0,0,0,1,1,7,1,0,1460,1448,16,15616,14480,0,1480,16,64,0,0,0,0,0,0,0,0,0,0,0,---,6,9,-,-,0,0,0,0,0,0,0,0,0,-,-,0,0,-
172.16.0.1,45420,17,0,16,9,452,6,452,0,0,0,1,1,172.16.0.2,861,17,0,17,5,2944,10,2944,0,0,0,1,1,1.52E+12,1.52E+12,12812.785,3.367,3.296,12808.22,12810.929,1.042,3.296,1,1,0,0,0,0,0,10.545493,0.368,40.604,18.367052,8,64,64,7.340024,0.017,39.838,15.92056,11,64,64,0,0,0,0,0,0,1,1,7,1,0,1460,164,16,20480,14600,0,164,16,164,0,0,0,0,0,0,0,0,0,1,1,7,1,0,1460,1448,16,15616,14480,0,1480,16,64,0,0,0,0,0,0,0,0,0,0,0,---,6,9,-,-,0,0,0,0,0,0,0,0,0,-,-,0,0,-
172.16.0.1,45448,17,0,16,9,452,6,452,0,0,0,1,1,172.16.0.2,861,17,0,17,5,2944,10,2944,0,0,0,1,1,1.52E+12,1.52E+12,11723.91,3.342,3.247,11719.793,11722.433,1.017,3.247,1,1,0,0,0,0,0,10.416995,0.387,40.084,18.212121,8,64,64,7.296661,0.014,39.413,15.861938,11,64,64,0,0,0,0,0,0,1,1,7,1,0,1460,164,16,20480,14600,0,164,16,164,0,0,0,0,0,0,0,0,0,1,1,7,1,0,1460,1448,16,15616,14480,0,1480,16,64,0,0,0,0,0,0,0,0,0,0,0,---,6,9,-,-,0,0,0,0,0,0,0,0,0,-,-,0,0,-
172.16.0.1,45476,17,0,16,9,452,6,452,0,0,0,1,1,172.16.0.2,861,17,0,17,5,2944,10,2944,0,0,0,1,1,1.52E+12,1.52E+12,13223.961,3.364,3.242,13220.304,13222.659,1.214,3.242,1,1,0,0,0,0,0,10.587493,0.508,40.51,18.36439,8,64,64,7.398387,0.013,40.16,16.172013,11,64,64,0,0,0,0,0,0,1,1,7,1,0,1460,164,16,20480,14600,0,164,16,164,0,0,0,0,0,0,0,0,0,1,1,7,1,0,1460,1448,16,15616,14480,0,1480,16,64,0,0,0,0,0,0,0,0,0,0,0,---,6,9,-,-,0,0,0,0,0,0,0,0,0,-,-,0,0,-
172.16.0.1,45504,17,0,16,9,452,6,452,0,0,0,1,1,172.16.0.2,861,17,0,17,5,2944,10,2944,0,0,0,1,1,1.52E+12,1.52E+12,12480.129,3.138,3.083,12476.73,12478.619,1.018,3.083,1,1,0,0,0,0,0,10.40812,0.38,40.366,18.24427,8,64,64,7.299479,0.019,39.569,15.857738,11,64,64,0,0,0,0,0,0,1,1,7,1,0,1460,164,16,20480,14600,0,164,16,164,0,0,0,0,0,0,0,0,0,1,1,7,1,0,1460,1448,16,15616,14480,0,1480,16,64,0,0,0,0,0,0,0,0,0,0,0,---,6,9,-,-,0,0,0,0,0,0,0,0,0,-,-,0,0,-
172.16.0.1,45532,17,0,16,9,452,6,452,0,0,0,1,1,172.16.0.2,861,17,0,17,5,2944,10,2944,0,0,0,1,1,1.52E+12,1.52E+12,12093.758,3.012,2.908,12089.088,12092.419,0.978,2.908,1,1,0,0,0,0,0,10.42012,0.334,40.039,18.201684,8,64,64,7.326024,0.017,39.968,15.982652,11,64,64,0,0,0,0,0,0,1,1,7,1,0,1460,164,16,20480,14600,0,164,16,164,0,0,0,0,0,0,0,0,0,1,1,7,1,0,1460,1448,16,15616,14480,0,1480,16,64,0,0,0,0,0,0,0,0,0,0,0,---,6,9,-,-,0,0,0,0,0,0,0,0,0,-,-,0,0,-
172.16.0.1,45560,17,0,16,9,452,6,452,0,0,0,1,1,172.16.0.2,861,17,0,17,5,2944,10,2944,0,0,0,1,1,1.52E+12,1.52E+12,14252.214,3.029,2.954,14248.226,14250.625,1.126,2.954,1,1,0,0,0,0,0,10.451744,0.419,40.012,18.228491,8,64,64,7.255389,0.016,39.242,15.748379,11,64,64,0,0,0,0,0,0,1,1,7,1,0,1460,164,16,20480,14600,0,164,16,164,0,0,0,0,0,0,0,0,0,1,1,7,1,0,1460,1448,16,15616,14480,0,1480,16,64,0,0,0,0,0,0,0,0,0,0,0,---,6,9,-,-,0,0,0,0,0,0,0,0,0,-,-,0,0,-
172.16.0.1,45588,17,0,16,9,452,6,452,0,0,0,1,1,172.16.0.2,861,17,0,17,5,2944,10,2944,0,0,0,1,1,1.52E+12,1.52E+12,14724.408,2.991,2.931,14720.532,14723.164,1.184,2.931,1,1,0,0,0,0,0,10.469744,0.291,40.35,18.306489,8,64,64,7.247298,0.018,39.277,15.799331,11,64,64,0,0,0,0,0,0,1,1,7,1,0,1460,164,16,20480,14600,0,164,16,164,0,0,0,0,0,0,0,0,0,1,1,7,1,0,1460,1448,16,15616,14480,0,1480,16,64,0,0,0,0,0,0,0,0,0,0,0,---,6,9,-,-,0,0,0,0,0,0,0,0,0,-,-,0,0,-
172.16.0.1,45616,17,0,16,9,452,6,452,0,0,0,1,1,172.16.0.2,861,17,0,17,5,2944,10,2944,0,0,0,1,1,1.52E+12,1.52E+12,12811.879,2.811,2.733,12807.627,12810.068,1.058,2.733,1,1,0,0,0,0,0,10.419495,0.416,39.944,18.167436,8,64,64,7.363842,0.013,39.657,15.912165,11,64,64,0,0,0,0,0,0,1,1,7,1,0,1460,164,16,20480,14600,0,164,16,164,0,0,0,0,0,0,0,0,0,1,1,7,1,0,1460,1448,16,15616,14480,0,1480,16,64,0,0,0,0,0,0,0,0,0,0,0,---,6,9,-,-,0,0,0,0,0,0,0,0,0,-,-,0,0,-
172.16.0.1,45644,17,0,16,9,452,6,452,0,0,0,1,1,172.16.0.2,861,17,0,17,5,2944,10,2944,0,0,0,1,1,1.52E+12,1.52E+12,13224.183,3.225,2.971,13219.576,13222.345,1.141,2.971,1,1,0,0,0,0,0,10.580118,0.328,40.452,18.421853,8,64,64,7.402478,0.014,39.892,16.043008,11,64,64,0,0,0,0,0,0,1,1,7,1,0,1460,164,16,20480,14600,0,164,16,164,0,0,0,0,0,0,0,0,0,1,1,7,1,0,1460,1448,16,15616,14480,0,1480,16,64,0,0,0,0,0,0,0,0,0,0,0,---,6,9,-,-,0,0,0,0,0,0,0,0,0,-,-,0,0,-
172.16.0.1,45674,17,0,16,9,452,6,452,0,0,0,1,1,172.16.0.2,861,17,0,17,5,2944,10,2944,0,0,0,1,1,1.52E+12,1.52E+12,13997.702,3.278,3.196,13993.36,13996.389,1.122,3.196,1,1,0,0,0,0,0,10.459494,0.408,40.079,18.175981,8,64,64,7.211025,0.014,39.232,15.768438,11,64,64,0,0,0,0,0,0,1,1,7,1,0,1460,164,16,20480,14600,0,164,16,164,0,0,0,0,0,0,0,0,0,1,1,7,1,0,1460,1448,16,15616,14480,0,1480,16,64,0,0,0,0,0,0,0,0,0,0,0,---,6,9,-,-,0,0,0,0,0,0,0,0,0,-,-,0,0,-
172.16.0.1,45702,17,0,16,9,452,6,452,0,0,0,1,1,172.16.0.2,861,17,0,17,5,2944,10,2944,0,0,0,1,1,1.52E+12,1.52E+12,14331.103,3.29,3.123,14327.06,14329.275,1.124,3.123,1,1,0,0,0,0,0,10.477119,0.319,40.322,18.320024,8,64,64,7.353479,0.014,39.661,15.885296,11,64,64,0,0,0,0,0,0,1,1,7,1,0,1460,164,16,20480,14600,0,164,16,164,0,0,0,0,0,0,0,0,0,1,1,7,1,0,1460,1448,16,15616,14480,0,1480,16,64,0,0,0,0,0,0,0,0,0,0,0,---,6,9,-,-,0,0,0,0,0,0,0,0,0,-,-,0,0,-
172.16.0.1,45730,17,0,16,9,452,6,452,0,0,0,1,1,172.16.0.2,861,17,0,17,5,2944,10,2944,0,0,0,1,1,1.52E+12,1.52E+12,15385.084,3.09,3.016,15380.895,15383.594,1.086,3.016,1,1,0,0,0,0,0,10.350121,0.272,39.872,18.169669,8,64,64,7.351115,0.012,39.729,15.937593,11,64,64,0,0,0,0,0,0,1,1,7,1,0,1460,164,16,20480,14600,0,164,16,164,0,0,0,0,0,0,0,0,0,1,1,7,1,0,1460,1448,16,15616,14480,0,1480,16,64,0,0,0,0,0,0,0,0,0,0,0,---,6,9,-,-,0,0,0,0,0,0,0,0,0,-,-,0,0,-