164,16,20480,14600,0,164,16,164,0,10.417495,7.39166,0,0,0,1448,16,15616,14480,0,1480,16,64,0,0,0,0,normal
65160,24,14720,14600,0,1139576,24,13056,203,0.341555,0.013999,520,71,0,0,0,2395008,14480,0,0,0,0,0,0,0,0,normal
164,16,20480,14600,0,164,16,164,0,10.405245,7.204025,0,0,0,1448,16,15616,14480,0,1480,16,64,0,0,0,0,normal
164,16,20480,14600,0,164,16,164,0,10.357496,7.202116,0,0,0,1448,16,15616,14480,0,1480,16,64,0,0,0,0,normal
164,16,20480,14600,0,164,16,164,0,10.316121,7.309843,0,0,0,1448,16,15616,14480,0,1480,16,64,0,0,0,0,normal
65160,24,14720,14600,0,1640584,24,13056,161,0.265573,0.024999,482,95,0,0,0,2093824,14480,0,0,0,0,0,0,0,0,normal
65160,24,14720,14600,0,2567304,24,13056,324,0.321067,0.026499,903,355,0,0,0,2502144,14480,0,0,0,0,0,0,0,0,normal
164,16,20480,14600,0,164,16,164,0,10.253872,7.266116,0,0,0,1448,16,15616,14480,0,1480,16,64,0,0,0,0,normal
164,16,20480,14600,0,164,16,164,0,10.351371,7.334752,0,0,0,1448,16,15616,14480,0,1480,16,64,0,0,0,0,normal
65160,24,14720,14600,0,434400,24,13056,230,0.334123,0.014499,351,33,0,0,0,2093824,14480,0,0,0,0,0,0,0,0,normal
164,16,20480,14600,0,164,16,164,0,10.231372,7.356206,0,0,0,1448,16,15616,14480,0,1480,16,64,0,0,0,0,normal
164,16,20480,14600,0,164,16,164,0,38.537268,8.02362,0,0,0,1448,16,15616,14480,0,2720,16,64,0,0,0,0,normal
46336,24,14720,14600,0,175208,24,13056,18,0.16649,0.020999,55,13,0,0,0,1227904,14480,0,0,0,0,0,0,0,0,normal
65160,24,14720,14600,0,673320,24,13056,121,0.205701,0.016499,460,244,0,0,0,1581312,14480,0,0,0,0,0,0,0,0,normal
65160,24,14720,14600,0,1207632,24,13056,333,0.32987,0.018499,656,435,0,0,0,2503168,14480,0,0,0,0,0,0,0,0,normal
164,16,20480,14600,0,164,16,164,0,10.347246,7.297297,0,0,0,1448,16,15616,14480,0,1480,16,64,0,0,0,0,normal
65160,24,14720,14600,0,501008,24,13056,202,0.361394,0.016499,535,214,0,0,0,2247296,14480,0,0,0,0,0,0,0,0,normal
164,16,20480,14600,0,164,16,164,0,10.456869,7.893921,0,0,0,1448,16,15616,14480,0,1480,16,64,0,0,0,0,normal
65160,24,14720,14600,0,1201840,24,13056,318,0.365731,0.017499,1265,305,0,0,0,2337152,14480,0,0,0,0,0,0,0,0,normal
65160,24,14720,14600,0,905000,24,13056,161,0.40099,0.019499,242,445,0,0,0,1992448,14480,0,0,0,0,0,0,0,0,normal
164,16,20480,14600,0,164,16,164,0,10.42612,7.317297,0,0,0,1448,16,15616,14480,0,1480,16,64,0,0,0,0,normal
7240,24,14720,14600,0,17376,24,13056,0,0.521798,0.016499,0,0,0,0,0,92672,14480,0,0,0,0,0,0,0,0,normal
164,16,20480,14600,0,164,16,164,0,10.525368,7.258298,0,0,0,1448,16,15616,14480,0,1480,16,64,0,0,0,0,normal
65160,24,14720,14600,0,1216320,24,13056,358,0.395085,0.010499,1670,699,0,0,0,2088064,14480,0,0,0,0,0,0,0,0,normal
164,16,20480,14600,0,164,16,164,0,10.42487,7.203207,0,0,0,1448,16,15616,14480,0,1480,16,64,0,0,0,0,normal
65160,8,14720,14600,0,912240,24,13056,606,0.337701,0.022499,842,788,0,0,0,2276352,14480,0,0,0,0,0,0,0,0,normal
65160,880,14720,14600,0,347520,1448,0,23,0.300756,0.018499,26,26,0,0,0,1413248,14480,0,0,0,0,0,0,0,0,normal
164,16,20480,14600,0,164,16,164,0,10.291871,7.276934,0,0,0,1448,16,15616,14480,0,1480,16,64,0,0,0,0,normal
65160,24,14720,14600,0,1041112,24,13056,241,0.314534,0.012999,1017,198,0,0,0,2322688,14480,0,0,0,0,0,0,0,0,normal
164,16,20480,14600,0,164,16,164,0,10.372995,7.24857,0,0,0,1448,16,15616,14480,0,1480,16,64,0,0,0,0,normal
65160,24,14720,14600,0,582096,24,13056,83,0.296598,0.023999,358,0,0,0,0,1847680,14480,0,0,0,0,0,0,0,0,normal
164,16,20480,14600,0,164,16,164,0,10.318996,7.353024,0,0,0,1448,16,15616,14480,0,1480,16,64,0,0,0,0,normal
65160,24,14720,14600,0,918032,24,24,480,0.323697,0.019499,1205,504,0,0,0,2507904,14480,0,0,0,0,0,0,0,0,normal
164,16,20480,14600,0,164,16,164,0,11.541231,7.361297,0,0,0,1448,16,15616,14480,0,1480,16,64,0,0,0,0,normal
65160,24,14720,14600,0,909344,24,13056,294,0.3193,0.018999,790,343,0,0,0,2018560,14480,0,0,0,0,0,0,0,0,normal
164,16,20480,14600,0,164,16,164,0,10.356496,7.212025,0,0,0,1448,16,15616,14480,0,1480,16,64,0,0,0,0,normal
164,16,20480,14600,0,164,16,164,0,10.546118,7.337479,0,0,0,1448,16,15616,14480,0,1480,16,64,0,0,0,0,normal
65160,24,14720,14600,0,573408,24,13056,37,0.339637,0.025999,120,90,0,0,0,1708672,14480,0,0,0,0,0,0,0,0,normal
53576,24,14720,14600,0,124528,24,13056,17,0.230517,0.014999,34,0,0,0,0,964480,14480,0,0,0,0,0,0,0,0,normal
65160,24,14720,14600,0,880384,24,13056,258,0.296065,0.018499,969,349,0,0,0,2293632,14480,0,0,0,0,0,0,0,0,normal
164,16,20480,14600,0,164,16,164,0,10.547243,7.339297,0,0,0,1448,16,15616,14480,0,1480,16,64,0,0,0,0,normal
164,16,20480,14600,0,164,16,164,0,10.478244,7.350115,0,0,0,1448,16,15616,14480,0,1480,16,64,0,0,0,0,normal
65160,24,14720,14600,0,935408,24,13056,422,0.329646,0.038498,117,100,0,0,0,2403712,14480,0,0,0,0,0,0,0,0,normal
65160,24,14720,14600,0,984640,24,13056,347,0.274671,0.014499,1259,305,0,0,0,2441344,14480,0,0,0,0,0,0,0,0,normal
164,16,20480,14600,0,164,16,164,0,10.405995,7.290479,0,0,0,1448,16,15616,14480,0,1480,16,64,0,0,0,0,normal
65160,24,14720,14600,0,962920,24,13056,302,0.343051,0.018999,488,614,0,0,0,2531200,14480,0,0,0,0,0,0,0,0,normal
164,16,20480,14600,0,164,16,164,0,10.334621,7.32257,0,0,0,1448,16,15616,14480,0,1480,16,64,0,0,0,0,normal
65160,24,14720,14600,0,2587576,24,13056,271,0.309517,0.022999,868,375,0,0,0,2508032,14480,0,0,0,0,0,0,0,0,normal
164,16,20480,14600,0,164,16,164,0,10.412995,7.33657,0,0,0,1448,16,15616,14480,0,1480,16,64,0,0,0,0,normal
65160,24,14720,14600,0,1039664,24,13056,262,0.222012,0.017998,889,463,0,0,0,2392192,14480,0,0,0,0,0,0,0,0,normal
164,16,20480,14600,0,164,16,164,0,10.352496,7.378387,0,0,0,1448,16,15616,14480,0,1480,16,64,0,0,0,0,normal
164,16,20480,14600,0,164,16,164,0,10.307871,7.254116,0,0,0,1448,16,15616,14480,0,1480,16,64,0,0,0,0,normal
65160,24,14720,14600,0,447432,24,13056,56,0.289766,0.017499,275,196,0,0,0,1766656,14480,0,0,0,0,0,0,0,0,normal
65160,24,14720,14600,0,306976,24,13056,18,0.268903,0.010999,20,13,0,0,0,1555200,14480,0,0,0,0,0,0,0,0,normal
65160,24,14720,14600,0,4068880,24,13056,152,0.345211,0.024999,511,208,0,0,0,2114176,14480,0,0,0,0,0,0,0,0,normal
65160,8,14720,14600,0,538656,24,13056,436,0.311654,0.025499,1633,524,0,0,0,2661504,14480,0,0,0,0,0,0,0,0,normal
164,16,20480,14600,0,164,16,164,0,10.228747,7.265479,0,0,0,1448,16,15616,14480,0,1480,16,64,0,0,0,0,normal
164,16,20480,14600,0,164,16,164,0,10.41912,7.266207,0,0,0,1448,16,15616,14480,0,1480,16,64,0,0,0,0,normal
65160,24,14720,14600,0,764544,24,13056,283,0.379063,0.019999,540,363,0,0,0,2464512,14480,0,0,0,0,0,0,0,0,normal
164,16,20480,14600,0,164,16,164,0,10.308871,7.33357,0,0,0,1448,16,15616,14480,0,1480,16,64,0,0,0,0,normal
65160,24,14720,14600,0,456120,24,13056,24,0.271159,0.020499,91,163,0,0,0,1977984,14480,0,0,0,0,0,0,0,0,normal
164,16,20480,14600,0,164,16,164,0,10.575243,7.250389,0,0,0,1448,16,15616,14480,0,1480,16,64,0,0,0,0,normal
65160,24,14720,14600,0,923824,24,13056,375,0.233947,0.032498,879,378,0,0,0,2212608,14480,0,0,0,0,0,0,0,0,normal
164,16,20480,14600,0,164,16,164,0,10.438495,7.361024,0,0,0,1448,16,15616,14480,0,1480,16,64,0,0,0,0,normal
65160,24,14720,14600,0,1267000,24,13056,369,0.301229,0.021499,750,354,0,0,0,2282112,14480,0,0,0,0,0,0,0,0,normal
164,16,17536,14600,0,164,16,164,0,11.578406,8.825457,0,0,0,1448,16,15616,14480,0,1480,16,64,0,0,0,0,normal
164,16,20480,14600,0,164,16,164,0,10.436495,7.243389,0,0,0,1448,16,15616,14480,0,1480,16,64,0,0,0,0,normal
65160,24,14720,14600,0,1000568,24,13056,328,0.24689,0.015499,1044,331,0,0,0,2172032,14480,0,0,0,0,0,0,0,0,normal
164,16,20480,14600,0,164,16,164,0,10.701116,7.356479,0,0,0,1448,16,15616,14480,0,1480,16,64,0,0,0,0,normal
65160,24,14720,14600,0,456120,24,13056,72,0.368029,0.016999,268,60,0,0,0,2085120,14480,0,0,0,0,0,0,0,0,normal
164,16,20480,14600,0,164,16,164,0,10.447494,8.063119,0,0,0,1448,16,15616,14480,0,1480,16,64,0,0,0,0,normal
65160,24,14720,14600,0,973056,24,13056,266,0.297815,0.017999,571,213,0,0,0,2056192,14480,0,0,0,0,0,0,0,0,normal
164,16,20480,14600,0,164,16,164,0,10.435745,7.280934,0,0,0,1448,16,15616,14480,0,1480,16,64,0,0,0,0,normal
164,16,20480,14600,0,164,16,164,0,10.294496,7.23148,0,0,0,1448,16,15616,14480,0,1480,16,64,0,0,0,0,normal
65160,24,14720,14600,0,657392,24,13056,223,0.460071,0.012999,660,176,0,0,0,2348672,14480,0,0,0,0,0,0,0,0,normal
65160,24,14720,14600,0,1094688,24,13056,493,0.29747,0.011999,865,612,0,0,0,2374784,14480,0,0,0,0,0,0,0,0,normal
164,16,20480,14600,0,164,16,164,0,10.345496,7.379206,0,0,0,1448,16,15616,14480,0,1480,16,64,0,0,0,0,normal
164,16,20480,14600,0,164,16,164,0,10.277497,7.25257,0,0,0,1448,16,15616,14480,0,1480,16,64,0,0,0,0,normal
65160,24,14720,14600,0,761648,24,13056,95,0.305218,0.020499,264,186,0,0,0,2230016,14480,0,0,0,0,0,0,0,0,normal
164,16,20480,14600,0,164,16,164,0,10.413995,7.251389,0,0,0,1448,16,15616,14480,0,1480,16,64,0,0,0,0,normal
65160,24,14720,14600,0,858664,24,13056,430,0.380731,0.012999,767,389,0,0,0,2406656,14480,0,0,0,0,0,0,0,0,normal
164,16,20480,14600,0,164,16,164,0,10.306996,7.334661,0,0,0,1448,16,15616,14480,0,1480,16,64,0,0,0,0,normal
65160,24,14720,14600,0,386616,24,13056,150,0.386303,0.021499,489,177,0,0,0,2007040,14480,0,0,0,0,0,0,0,0,normal
65160,24,14720,14600,0,1599488,24,13056,192,0.343199,0.015999,930,241,0,0,0,2386432,14480,0,0,0,0,0,0,0,0,normal
164,16,20480,14600,0,164,16,164,0,10.122123,7.267388,0,0,0,1448,16,15616,14480,0,1480,16,64,0,0,0,0,normal
164,16,20480,14600,0,164,16,164,0,11.716118,7.284297,0,0,0,1448,16,15616,14480,0,1480,16,64,0,0,0,0,normal
65160,24,14720,14600,0,654496,24,13056,112,0.325866,0.017999,198,157,0,0,0,1775360,14480,0,0,0,0,0,0,0,0,normal
164,16,20480,14600,0,164,16,164,0,11.875116,8.066019,0,0,0,1448,16,15616,14480,0,1480,16,64,0,0,0,0,normal
65160,24,14720,14600,0,1007808,24,13056,302,0.25737,0.012999,941,592,0,0,0,2325504,14480,0,0,0,0,0,0,0,0,normal
65160,24,14720,14600,0,527072,24,13056,135,0.349195,0.030998,533,33,0,0,0,2030208,14480,0,0,0,0,0,0,0,0,normal
164,16,20480,14600,0,164,16,164,0,10.362995,7.307934,0,0,0,1448,16,15616,14480,0,1480,16,64,0,0,0,0,normal
164,16,20480,14600,0,164,16,164,0,10.40562,7.292843,0,0,0,1448,16,15616,14480,0,1480,16,64,0,0,0,0,normal
65160,24,14720,14600,0,521280,24,13056,25,0.218485,0.015999,68,5,0,0,0,2441344,14480,0,0,0,0,0,0,0,0,normal
65160,24,14720,14600,0,784816,24,13056,347,0.219364,0.021999,788,151,0,0,0,2085120,14480,0,0,0,0,0,0,0,0,normal
65160,24,14720,14600,0,677664,24,13056,309,0.260451,0.010999,777,292,0,0,0,2174976,14480,0,0,0,0,0,0,0,0,normal
164,16,20480,14600,0,164,16,164,0,10.620242,7.301661,0,0,0,1448,16,15616,14480,0,1480,16,64,0,0,0,0,normal
164,16,20480,14600,0,164,16,164,0,10.490119,7.280752,0,0,0,1448,16,15616,14480,0,1480,16,64,0,0,0,0,normal
164,16,20480,14600,0,164,16,164,0,10.368745,7.328206,0,0,0,1448,16,15616,14480,0,1480,16,64,0,0,0,0,normal
65160,24,14720,14600,0,739928,24,13056,343,0.42276,0.026499,398,45,0,0,0,2551424,14480,0,0,0,0,0,0,0,0,normal
164,16,20480,14600,0,164,16,164,0,10.468369,7.300388,0,0,0,1448,16,15616,14480,0,1480,16,64,0,0,0,0,normal
164,16,20480,14600,0,164,16,164,0,10.443869,7.365024,0,0,0,1448,16,15616,14480,0,1480,16,64,0,0,0,0,normal
164,16,20480,14600,0,164,16,164,0,10.37662,7.362479,0,0,0,1448,16,15616,14480,0,1480,16,64,0,0,0,0,normal
65160,24,14720,14600,0,262088,24,13056,27,0.491028,0.014499,31,0,0,0,0,1726080,14480,0,0,0,0,0,0,0,0,normal
65160,24,14720,14600,0,885824,24,13056,267,0.319594,0.022499,621,366,0,0,0,2604928,14480,0,0,0,0,0,0,0,0,normal
65160,16,14720,14600,0,5463304,24,13056,312,0.280638,0.020999,1271,98,0,0,0,2308224,14480,0,0,0,0,0,0,0,0,normal
164,16,20480,14600,0,164,16,164,0,10.553118,7.219207,0,0,0,1448,16,15616,14480,0,1480,16,64,0,0,0,0,normal
164,16,20480,14600,0,164,16,164,0,10.556243,7.324024,0,0,0,1448,16,15616,14480,0,1480,16,64,0,0,0,0,normal
65160,24,14720,14600,0,472048,24,13056,69,0.341409,0.015999,55,54,0,0,0,2380544,14480,0,0,0,0,0,0,0,0,normal
65160,24,14720,14600,0,2038784,24,13056,126,0.243737,0.023999,533,163,0,0,0,2305280,14480,0,0,0,0,0,0,0,0,normal
164,16,20480,14600,0,164,16,164,0,10.342746,7.254661,0,0,0,1448,16,15616,14480,0,1480,16,64,0,0,0,0,normal
65160,24,14720,14600,0,485080,24,13056,113,0.316701,0.020999,271,17,0,0,0,2174976,14480,0,0,0,0,0,0,0,0,normal
164,16,20480,14600,0,164,16,164,0,10.432995,7.342933,0,0,0,1448,16,15616,14480,0,1480,16,64,0,0,0,0,normal
65160,24,14720,14600,0,941200,24,13056,361,0.317839,0.025499,1312,138,0,0,0,2224128,14480,0,0,0,0,0,0,0,0,normal
65160,24,14720,14600,0,760200,24,13056,228,0.313041,0.030498,296,248,0,0,0,2396416,14480,0,0,0,0,0,0,0,0,normal
164,16,20480,14600,0,164,16,164,0,10.479369,7.262843,0,0,0,1448,16,15616,14480,0,1480,16,64,0,0,0,0,normal
164,16,20480,14600,0,164,16,164,0,10.216872,7.273116,0,0,0,1448,16,15616,14480,0,1480,16,64,0,0,0,0,normal
65160,24,14720,14600,0,616848,24,13056,335,0.302859,0.031498,662,301,0,0,0,2597760,14480,0,0,0,0,0,0,0,0,normal
65160,24,14720,14600,0,750064,24,13056,225,0.271223,0.021999,786,433,0,0,0,1946112,14480,0,0,0,0,0,0,0,0,normal
65160,24,14720,14600,0,1053672,24,13056,88,0.244816,0.015499,150,15,0,0,0,2105472,14480,0,0,0,0,0,0,0,0,normal
164,16,20480,14600,0,164,16,164,0,10.41162,7.344206,0,0,0,1448,16,15616,14480,0,1480,16,64,0,0,0,0,normal
65160,24,14720,14600,0,2743960,24,13056,300,0.254731,0.013499,1122,213,0,0,0,2493568,14480,0,0,0,0,0,0,0,0,normal
164,16,20480,14600,0,164,16,164,0,10.353371,7.615385,0,0,0,1448,16,15616,14480,0,1480,16,64,0,0,0,0,normal
65160,24,14720,14600,0,2198064,24,13056,209,0.2757,0.028499,460,192,0,0,0,1888256,14480,0,0,0,0,0,0,0,0,normal
52128,24,14720,14600,0,144800,24,13056,18,0.183005,0.0095,56,41,0,0,0,1028096,14480,0,0,0,0,0,0,0,0,normal
65160,24,14720,14600,0,1710088,24,13056,244,0.308327,0.027999,823,256,0,0,0,2143104,14480,0,0,0,0,0,0,0,0,normal
164,16,20480,14600,0,164,16,164,0,10.322746,7.200207,0,0,0,1448,16,15616,14480,0,1480,16,64,0,0,0,0,normal
65160,24,14720,14600,0,854320,24,13056,260,0.369329,0.017999,629,408,0,0,0,2478976,14480,0,0,0,0,0,0,0,0,normal
65160,24,14720,14600,0,325800,24,13056,6,0.339452,0.030998,19,6,0,0,0,1850624,14480,0,0,0,0,0,0,0,0,normal
164,16,20480,14600,0,164,16,164,0,10.350246,7.250389,0,0,0,1448,16,15616,14480,0,1480,16,64,0,0,0,0,normal
8688,24,14720,14600,0,30408,24,13056,0,1.02617,0.035998,0,0,0,0,0,55040,14480,0,0,0,0,0,0,0,0,normal
164,16,20480,14600,0,164,16,164,0,10.295996,7.350479,0,0,0,1448,16,15616,14480,0,1480,16,64,0,0,0,0,normal
164,16,20480,14600,0,164,16,164,0,10.604742,7.275934,0,0,0,1448,16,15616,14480,0,1480,16,64,0,0,0,0,normal
164,16,20480,14600,0,164,16,164,0,9.185231,7.36366,0,0,0,1448,16,15616,14480,0,1480,16,64,0,0,0,0,normal
164,16,20480,14600,0,164,16,164,0,10.547243,7.401751,0,0,0,1448,16,15616,14480,0,1480,16,64,0,0,0,0,normal
65160,24,14720,14600,0,579200,24,13056,468,0.258836,0.025499,1048,367,0,0,0,2299520,14480,0,0,0,0,0,0,0,0,normal
164,32,20480,14600,0,164,32,164,0,6.081913,8.056519,0,0,0,1448,16,15616,14480,0,1480,16,64,0,0,0,0,normal
65160,24,14720,14600,0,715312,24,13056,472,0.308016,0.014999,958,581,0,0,0,2279168,14480,0,0,0,0,0,0,0,0,normal
164,16,20480,14600,0,164,16,164,0,10.39712,7.248934,0,0,0,1448,16,15616,14480,0,1480,16,64,0,0,0,0,normal
65160,24,14720,14600,0,826808,24,13056,292,0.267567,0.016499,1055,238,0,0,0,2209664,14480,0,0,0,0,0,0,0,0,normal
164,16,20480,14600,0,164,16,164,0,10.341746,7.252298,0,0,0,1448,16,15616,14480,0,1480,16,64,0,0,0,0,normal
65160,24,14720,14600,0,1125096,24,13056,336,0.301821,0.025999,853,470,0,0,0,2716544,14480,0,0,0,0,0,0,0,0,normal
164,16,20480,14600,0,164,16,164,0,10.540368,7.267207,0,0,0,1448,16,15616,14480,0,1480,16,64,0,0,0,0,normal
65160,24,14720,14600,0,502456,24,13056,135,0.357473,0.019999,393,95,0,0,0,2198144,14480,0,0,0,0,0,0,0,0,normal
65160,24,14720,14600,0,4034128,24,13056,106,0.342164,0.013999,149,51,0,0,0,2189440,14480,0,0,0,0,0,0,0,0,normal
65160,24,14720,14600,0,703728,24,13056,261,0.279677,0.027999,854,284,0,0,0,2470400,14480,0,0,0,0,0,0,0,0,normal
164,16,20480,14600,0,164,16,164,0,10.36462,7.341206,0,0,0,1448,16,15616,14480,0,1480,16,64,0,0,0,0,normal
164,16,20480,14600,0,164,16,164,0,10.366495,7.319933,0,0,0,1448,16,15616,14480,0,1480,16,64,0,0,0,0,normal
164,16,20480,14600,0,164,16,164,0,10.536243,7.30657,0,0,0,1448,16,15616,14480,0,1480,16,64,0,0,0,0,normal
164,16,20480,14600,0,164,16,164,0,10.39337,7.201207,0,0,0,1448,16,15616,14480,0,1480,16,64,0,0,0,0,normal
65160,24,14720,14600,0,1975072,24,13056,354,0.305771,0.016499,1466,426,0,0,0,2473216,14480,0,0,0,0,0,0,0,0,normal
164,16,20480,14600,0,164,16,164,0,10.496619,7.306115,0,0,0,1448,16,15616,14480,0,1480,16,64,0,0,0,0,normal
164,16,20480,14600,0,164,16,164,0,10.430745,7.302025,0,0,0,1448,16,15616,14480,0,1480,16,64,0,0,0,0,normal
164,16,20480,14600,0,164,16,164,0,10.518494,7.310115,0,0,0,1448,16,15616,14480,0,1480,16,64,0,0,0,0,no-flow
164,16,20480,14600,0,164,16,164,0,10.542368,7.414296,0,0,0,1448,16,15616,14480,0,1480,16,64,0,0,0,0,no-flow
164,16,20480,14600,0,164,16,164,0,10.565868,7.319024,0,0,0,1448,16,15616,14480,0,1480,16,64,0,0,0,0,no-flow
164,16,20480,14600,0,164,16,164,0,10.40712,7.341751,0,0,0,1448,16,15616,14480,0,1480,16,64,0,0,0,0,no-flow
164,16,20480,14600,0,164,16,164,0,10.604117,7.244752,0,0,0,1448,16,15616,14480,0,1480,16,64,0,0,0,0,no-flow
164,16,20480,14600,0,164,16,164,0,10.404745,7.337388,0,0,0,1448,16,15616,14480,0,1480,16,64,0,0,0,0,no-flow
164,16,20480,14600,0,164,16,164,0,10.575118,7.286116,0,0,0,1448,16,15616,14480,0,1480,16,64,0,0,0,0,no-flow
164,16,20480,14600,0,164,16,164,0,10.613742,7.291934,0,0,0,1448,16,15616,14480,0,1480,16,64,0,0,0,0,no-flow
164,16,20480,14600,0,164,16,164,0,10.619242,7.241389,0,0,0,1448,16,15616,14480,0,1480,16,64,0,0,0,0,no-flow
164,16,20480,14600,0,164,16,164,0,10.42287,7.23248,0,0,0,1448,16,15616,14480,0,1480,16,64,0,0,0,0,no-flow
164,16,20480,14600,0,164,16,164,0,10.457369,7.284116,0,0,0,1448,16,15616,14480,0,1480,16,64,0,0,0,0,no-flow
164,16,20480,14600,0,164,16,164,0,10.529868,7.350388,0,0,0,1448,16,15616,14480,0,1480,16,64,0,0,0,0,no-flow
164,16,20480,14600,0,164,16,164,0,10.316246,7.402842,0,0,0,1448,16,15616,14480,0,1480,16,64,0,0,0,0,no-flow
164,16,20480,14600,0,164,16,164,0,10.715991,7.241389,0,0,0,1448,16,15616,14480,0,1480,16,64,0,0,0,0,no-flow
164,16,20480,14600,0,164,16,164,0,10.483369,7.322206,0,0,0,1448,16,15616,14480,0,1480,16,64,0,0,0,0,no-flow
164,16,20480,14600,0,164,16,164,0,10.548993,7.378387,0,0,0,1448,16,15616,14480,0,1480,16,64,0,0,0,0,no-flow
164,16,20480,14600,0,164,16,164,0,10.525368,7.315024,0,0,0,1448,16,15616,14480,0,1480,16,64,0,0,0,0,no-flow
164,16,20480,14600,0,164,16,164,0,10.443244,7.376206,0,0,0,1448,16,15616,14480,0,1480,16,64,0,0,0,0,no-flow
164,16,20480,14600,0,164,16,164,0,10.418745,7.373297,0,0,0,1448,16,15616,14480,0,1480,16,64,0,0,0,0,no-flow
164,16,20480,14600,0,164,16,164,0,10.466869,7.352842,0,0,0,1448,16,15616,14480,0,1480,16,64,0,0,0,0,no-flow
164,16,20480,14600,0,164,16,164,0,10.579493,7.318479,0,0,0,1448,16,15616,14480,0,1480,16,64,0,0,0,0,no-flow
164,16,20480,14600,0,164,16,164,0,10.563493,7.32257,0,0,0,1448,16,15616,14480,0,1480,16,64,0,0,0,0,no-flow
164,16,20480,14600,0,164,16,164,0,10.408495,7.313388,0,0,0,1448,16,15616,14480,0,1480,16,64,0,0,0,0,no-flow
164,16,20480,14600,0,164,16,164,0,10.512119,7.371933,0,0,0,1448,16,15616,14480,0,1480,16,64,0,0,0,0,no-flow
164,16,20480,14600,0,164,16,164,0,10.41387,7.330024,0,0,0,1448,16,15616,14480,0,1480,16,64,0,0,0,0,no-flow
164,16,20480,14600,0,164,16,164,0,10.491869,7.328933,0,0,0,1448,16,15616,14480,0,1480,16,64,0,0,0,0,no-flow
164,16,20480,14600,0,164,16,164,0,10.564243,7.300297,0,0,0,1448,16,15616,14480,0,1480,16,64,0,0,0,0,no-flow
164,16,20480,14600,0,164,16,164,0,10.364745,7.316752,0,0,0,1448,16,15616,14480,0,1480,16,64,0,0,0,0,no-flow
164,16,20480,14600,0,164,16,164,0,10.526118,7.294752,0,0,0,1448,16,15616,14480,0,1480,16,64,0,0,0,0,no-flow
164,16,20480,14600,0,164,16,164,0,10.528118,7.276297,0,0,0,1448,16,15616,14480,0,1480,16,64,0,0,0,0,no-flow
164,16,20480,14600,0,164,16,164,0,10.40712,7.248752,0,0,0,1448,16,15616,14480,0,1480,16,64,0,0,0,0,no-flow
164,16,20480,14600,0,164,16,164,0,10.527118,7.350297,0,0,0,1448,16,15616,14480,0,1480,16,64,0,0,0,0,no-flow
164,16,20480,14600,0,164,16,164,0,10.514494,7.227207,0,0,0,1448,16,15616,14480,0,1480,16,64,0,0,0,0,no-flow
164,16,20480,14600,0,164,16,164,0,10.511869,7.328297,0,0,0,1448,16,15616,14480,0,1480,16,64,0,0,0,0,no-flow
164,16,20480,14600,0,164,16,164,0,10.495619,7.269388,0,0,0,1448,16,15616,14480,0,1480,16,64,0,0,0,0,no-flow
164,16,20480,14600,0,164,16,164,0,10.42087,7.313479,0,0,0,1448,16,15616,14480,0,1480,16,64,0,0,0,0,no-flow
164,16,20480,14600,0,164,16,164,0,10.463119,7.227207,0,0,0,1448,16,15616,14480,0,1480,16,64,0,0,0,0,no-flow
164,16,20480,14600,0,164,16,164,0,10.514494,7.297934,0,0,0,1448,16,15616,14480,0,1480,16,64,0,0,0,0,no-flow
164,16,20480,14600,0,164,16,164,0,10.379495,7.308206,0,0,0,1448,16,15616,14480,0,1480,16,64,0,0,0,0,no-flow
164,16,20480,14600,0,164,16,164,0,10.522243,7.359297,0,0,0,1448,16,15616,14480,0,1480,16,64,0,0,0,0,no-flow
164,16,20480,14600,0,164,16,164,0,10.632117,7.241571,0,0,0,1448,16,15616,14480,0,1480,16,64,0,0,0,0,no-flow
164,16,20480,14600,0,164,16,164,0,10.41187,7.277388,0,0,0,1448,16,15616,14480,0,1480,16,64,0,0,0,0,no-flow
164,16,20480,14600,0,164,16,164,0,10.518744,7.317388,0,0,0,1448,16,15616,14480,0,1480,16,64,0,0,0,0,no-flow
164,16,20480,14600,0,164,16,164,0,10.447244,7.367933,0,0,0,1448,16,15616,14480,0,1480,16,64,0,0,0,0,no-flow
164,16,20480,14600,0,164,16,164,0,10.465994,7.276116,0,0,0,1448,16,15616,14480,0,1480,16,64,0,0,0,0,no-flow
164,16,20480,14600,0,164,16,164,0,10.424995,7.394751,0,0,0,1448,16,15616,14480,0,1480,16,64,0,0,0,0,no-flow
164,16,20480,14600,0,164,16,164,0,10.615492,7.256661,0,0,0,1448,16,15616,14480,0,1480,16,64,0,0,0,0,no-flow
164,16,20480,14600,0,164,16,164,0,10.336871,7.415933,0,0,0,1448,16,15616,14480,0,1480,16,64,0,0,0,0,no-flow
164,16,20480,14600,0,164,16,164,0,10.503744,7.374206,0,0,0,1448,16,15616,14480,0,1480,16,64,0,0,0,0,no-flow
164,16,20480,14600,0,164,16,164,0,10.475994,7.355479,0,0,0,1448,16,15616,14480,0,1480,16,64,0,0,0,0,no-flow
164,16,20480,14600,0,164,16,164,0,10.375745,7.286479,0,0,0,1448,16,15616,14480,0,1480,16,64,0,0,0,0,no-flow
164,16,20480,14600,0,164,16,164,0,10.451119,7.250661,0,0,0,1448,16,15616,14480,0,1480,16,64,0,0,0,0,no-flow
164,16,20480,14600,0,164,16,164,0,10.461994,7.34257,0,0,0,1448,16,15616,14480,0,1480,16,64,0,0,0,0,no-flow
164,16,20480,14600,0,164,16,164,0,10.476744,7.381478,0,0,0,1448,16,15616,14480,0,1480,16,64,0,0,0,0,no-flow
164,16,20480,14600,0,164,16,164,0,10.38462,7.318661,0,0,0,1448,16,15616,14480,0,1480,16,64,0,0,0,0,no-flow
164,16,20480,14600,0,164,16,164,0,10.374995,7.279297,0,0,0,1448,16,15616,14480,0,1480,16,64,0,0,0,0,no-flow
164,16,20480,14600,0,164,16,164,0,10.41837,7.305752,0,0,0,1448,16,15616,14480,0,1480,16,64,0,0,0,0,no-flow
164,16,20480,14600,0,164,16,164,0,10.561118,7.288116,0,0,0,1448,16,15616,14480,0,1480,16,64,0,0,0,0,no-flow
164,16,20480,14600,0,164,16,164,0,10.465869,7.334842,0,0,0,1448,16,15616,14480,0,1480,16,64,0,0,0,0,no-flow
164,16,20480,14600,0,164,16,164,0,11.074112,7.426387,0,0,0,1448,16,15616,14480,0,1480,16,64,0,0,0,0,no-flow
164,16,20480,14600,0,164,16,164,0,10.520243,7.353024,0,0,0,1448,16,15616,14480,0,1480,16,64,0,0,0,0,no-flow
164,16,20480,14600,0,164,16,164,0,10.454744,7.289479,0,0,0,1448,16,15616,14480,0,1480,16,64,0,0,0,0,no-flow
164,16,20480,14600,0,164,16,164,0,10.485369,7.309206,0,0,0,1448,16,15616,14480,0,1480,16,64,0,0,0,0,no-flow
164,16,20480,14600,0,164,16,164,0,10.471994,7.336388,0,0,0,1448,16,15616,14480,0,1480,16,64,0,0,0,0,no-flow
164,16,20480,14600,0,164,16,164,0,10.383495,7.276934,0,0,0,1448,16,15616,14480,0,1480,16,64,0,0,0,0,no-flow
164,16,20480,14600,0,164,16,164,0,10.499744,7.350297,0,0,0,1448,16,15616,14480,0,1480,16,64,0,0,0,0,no-flow
164,16,20480,14600,0,164,16,164,0,10.485744,7.278388,0,0,0,1448,16,15616,14480,0,1480,16,64,0,0,0,0,no-flow
164,16,20480,14600,0,164,16,164,0,10.479494,7.350479,0,0,0,1448,16,15616,14480,0,1480,16,64,0,0,0,0,no-flow
164,16,20480,14600,0,164,16,164,0,10.394245,7.319115,0,0,0,1448,16,15616,14480,0,1480,16,64,0,0,0,0,no-flow
164,16,20480,14600,0,164,16,164,0,10.681491,7.341933,0,0,0,1448,16,15616,14480,0,1480,16,64,0,0,0,0,no-flow
164,16,20480,14600,0,164,16,164,0,10.485244,7.324843,0,0,0,1448,16,15616,14480,0,1480,16,64,0,0,0,0,no-flow
164,16,20480,14600,0,164,16,164,0,10.36537,7.226843,0,0,0,1448,16,15616,14480,0,1480,16,64,0,0,0,0,no-flow
164,16,20480,14600,0,164,16,164,0,10.358496,7.365297,0,0,0,1448,16,15616,14480,0,1480,16,64,0,0,0,0,no-flow
164,16,20480,14600,0,164,16,164,0,10.484994,7.378569,0,0,0,1448,16,15616,14480,0,1480,16,64,0,0,0,0,no-flow
164,16,20480,14600,0,164,16,164,0,10.421995,7.363569,0,0,0,1448,16,15616,14480,0,1480,16,64,0,0,0,0,no-flow
164,16,20480,14600,0,164,16,164,0,10.509494,7.365388,0,0,0,1448,16,15616,14480,0,1480,16,64,0,0,0,0,no-flow
164,16,20480,14600,0,164,16,164,0,10.347871,7.361933,0,0,0,1448,16,15616,14480,0,1480,16,64,0,0,0,0,no-flow
164,16,20480,14600,0,164,16,164,0,10.493869,7.370933,0,0,0,1448,16,15616,14480,0,1480,16,64,0,0,0,0,no-flow
164,16,20480,14600,0,164,16,164,0,10.467244,7.292479,0,0,0,1448,16,15616,14480,0,1480,16,64,0,0,0,0,no-flow
164,16,20480,14600,0,164,16,164,0,10.517994,7.299843,0,0,0,1448,16,15616,14480,0,1480,16,64,0,0,0,0,no-flow
164,16,20480,14600,0,164,16,164,0,10.482119,7.352933,0,0,0,1448,16,15616,14480,0,1480,16,64,0,0,0,0,no-flow
164,16,20480,14600,0,164,16,164,0,10.577118,7.327388,0,0,0,1448,16,15616,14480,0,1480,16,64,0,0,0,0,no-flow
164,16,20480,14600,0,164,16,164,0,10.43912,7.306479,0,0,0,1448,16,15616,14480,0,1480,16,64,0,0,0,0,no-flow
164,16,20480,14600,0,164,16,164,0,10.469369,7.286661,0,0,0,1448,16,15616,14480,0,1480,16,64,0,0,0,0,no-flow
164,16,20480,14600,0,164,16,164,0,10.38287,7.298025,0,0,0,1448,16,15616,14480,0,1480,16,64,0,0,0,0,no-flow
164,16,20480,14600,0,164,16,164,0,10.442119,7.372569,0,0,0,1448,16,15616,14480,0,1480,16,64,0,0,0,0,no-flow
164,16,20480,14600,0,164,16,164,0,10.523243,7.30757,0,0,0,1448,16,15616,14480,0,1480,16,64,0,0,0,0,no-flow
164,16,20480,14600,0,164,16,164,0,10.518744,7.381478,0,0,0,1448,16,15616,14480,0,1480,16,64,0,0,0,0,no-flow
164,16,20480,14600,0,164,16,164,0,10.41912,7.267207,0,0,0,1448,16,15616,14480,0,1480,16,64,0,0,0,0,no-flow
164,16,20480,14600,0,164,16,164,0,10.542868,7.421842,0,0,0,1448,16,15616,14480,0,1480,16,64,0,0,0,0,no-flow
164,16,20480,14600,0,164,16,164,0,10.36512,7.379751,0,0,0,1448,16,15616,14480,0,1480,16,64,0,0,0,0,no-flow
164,16,20480,14600,0,164,16,164,0,10.41637,7.280843,0,0,0,1448,16,15616,14480,0,1480,16,64,0,0,0,0,no-flow
164,16,20480,14600,0,164,16,164,0,10.480619,7.338297,0,0,0,1448,16,15616,14480,0,1480,16,64,0,0,0,0,no-flow
164,16,20480,14600,0,164,16,164,0,10.458869,7.365478,0,0,0,1448,16,15616,14480,0,1480,16,64,0,0,0,0,no-flow
164,16,20480,14600,0,164,16,164,0,10.41287,7.394569,0,0,0,1448,16,15616,14480,0,1480,16,64,0,0,0,0,no-flow
164,16,20480,14600,0,164,16,164,0,10.514494,7.350388,0,0,0,1448,16,15616,14480,0,1480,16,64,0,0,0,0,no-flow
164,16,20480,14600,0,164,16,164,0,10.475619,7.322479,0,0,0,1448,16,15616,14480,0,1480,16,64,0,0,0,0,no-flow
164,16,20480,14600,0,164,16,164,0,10.520993,7.315752,0,0,0,1448,16,15616,14480,0,1480,16,64,0,0,0,0,no-flow
164,16,20480,14600,0,164,16,164,0,10.423745,7.252934,0,0,0,1448,16,15616,14480,0,1480,16,64,0,0,0,0,no-flow
164,16,20480,14600,0,164,16,164,0,10.510494,7.415933,0,0,0,1448,16,15616,14480,0,1480,16,64,0,0,0,0,no-flow
164,16,20480,14600,0,164,16,164,0,10.40337,7.295934,0,0,0,1448,16,15616,14480,0,1480,16,64,0,0,0,0,no-flow
164,16,20480,14600,0,164,16,164,0,10.496869,7.280116,0,0,0,1448,16,15616,14480,0,1480,16,64,0,0,0,0,no-flow
164,16,20480,14600,0,164,16,164,0,10.585743,7.329388,0,0,0,1448,16,15616,14480,0,1480,16,64,0,0,0,0,no-flow
164,16,20480,14600,0,164,16,164,0,10.513619,7.284661,0,0,0,1448,16,15616,14480,0,1480,16,64,0,0,0,0,no-flow
164,16,20480,14600,0,164,16,164,0,10.451119,7.36966,0,0,0,1448,16,15616,14480,0,1480,16,64,0,0,0,0,no-flow
164,16,20480,14600,0,164,16,164,0,10.480619,7.330842,0,0,0,1448,16,15616,14480,0,1480,16,64,0,0,0,0,no-flow
164,16,20480,14600,0,164,16,164,0,10.491119,7.297388,0,0,0,1448,16,15616,14480,0,1480,16,64,0,0,0,0,no-flow
164,16,20480,14600,0,164,16,164,0,10.545493,7.340024,0,0,0,1448,16,15616,14480,0,1480,16,64,0,0,0,0,no-flow
164,16,20480,14600,0,164,16,164,0,10.416995,7.296661,0,0,0,1448,16,15616,14480,0,1480,16,64,0,0,0,0,no-flow
164,16,20480,14600,0,164,16,164,0,10.587493,7.398387,0,0,0,1448,16,15616,14480,0,1480,16,64,0,0,0,0,no-flow
164,16,20480,14600,0,164,16,164,0,10.40812,7.299479,0,0,0,1448,16,15616,14480,0,1480,16,64,0,0,0,0,no-flow
164,16,20480,14600,0,164,16,164,0,10.42012,7.326024,0,0,0,1448,16,15616,14480,0,1480,16,64,0,0,0,0,no-flow
164,16,20480,14600,0,164,16,164,0,10.451744,7.255389,0,0,0,1448,16,15616,14480,0,1480,16,64,0,0,0,0,no-flow
164,16,20480,14600,0,164,16,164,0,10.469744,7.247298,0,0,0,1448,16,15616,14480,0,1480,16,64,0,0,0,0,no-flow
164,16,20480,14600,0,164,16,164,0,10.419495,7.363842,0,0,0,1448,16,15616,14480,0,1480,16,64,0,0,0,0,no-flow
164,16,20480,14600,0,164,16,164,0,10.580118,7.402478,0,0,0,1448,16,15616,14480,0,1480,16,64,0,0,0,0,no-flow
164,16,20480,14600,0,164,16,164,0,10.459494,7.211025,0,0,0,1448,16,15616,14480,0,1480,16,64,0,0,0,0,no-flow
164,16,20480,14600,0,164,16,164,0,10.477119,7.353479,0,0,0,1448,16,15616,14480,0,1480,16,64,0,0,0,0,no-flow
164,16,20480,14600,0,164,16,164,0,10.350121,7.351115,0,0,0,1448,16,15616,14480,0,1480,16,64,0,0,0,0,no-flow
164,16,20480,14600,0,164,16,164,0,10.329871,7.345933,0,0,0,1448,16,15616,14480,0,1480,16,64,0,0,0,0,loss-1%
164,16,20480,14600,0,164,16,164,0,10.357121,7.380387,0,0,0,1448,16,15616,14480,0,1480,16,64,0,0,0,0,loss-1%
164,16,20480,14600,0,164,16,164,0,10.294246,7.264843,0,0,0,1448,16,15616,14480,0,1480,16,64,0,0,0,0,loss-1%
164,16,20480,14600,0,164,16,164,0,10.388495,10.810174,0,0,0,1448,16,15616,14480,0,1480,16,64,0,0,0,0,loss-1%
164,16,20480,14600,0,164,16,164,0,10.493619,7.301479,0,0,0,1448,16,15616,14480,0,1480,16,64,0,0,0,0,loss-1%
164,16,20480,14600,0,164,16,164,0,10.41087,7.250752,0,0,0,1448,16,15616,14480,0,1480,16,64,0,0,0,0,loss-1%
164,16,20480,14600,0,164,16,164,0,10.349621,7.236843,0,0,0,1448,16,15616,14480,0,1480,16,64,0,0,0,0,loss-1%
164,16,20480,14600,0,164,16,164,0,10.333996,7.30357,0,0,0,1448,16,15616,14480,0,1480,16,64,0,0,0,0,loss-1%
164,16,20480,14600,0,164,16,164,0,10.185623,7.297025,0,0,0,1448,16,15616,14480,0,1480,16,64,0,0,0,0,loss-1%
164,16,20480,14600,0,164,16,164,0,10.355246,7.332752,0,0,0,1448,16,15616,14480,0,1480,16,64,0,0,0,0,loss-1%
164,16,20480,14600,0,164,16,164,0,10.212372,7.384206,0,0,0,1448,16,15616,14480,0,1480,16,64,0,0,0,0,loss-1%
164,16,20480,14600,0,164,16,164,0,10.269622,7.218207,0,0,0,1448,16,15616,14480,0,1480,16,64,0,0,0,0,loss-1%
164,16,20480,14600,0,164,16,164,0,10.292996,7.293843,0,0,0,1448,16,15616,14480,0,1480,16,64,0,0,0,0,loss-1%
164,16,20480,14600,0,164,16,164,0,10.319246,7.204935,0,0,0,1448,16,15616,14480,0,1480,16,64,0,0,0,0,loss-1%
164,16,20480,14600,0,164,16,164,0,10.443994,7.97182,0,0,0,1448,16,15616,14480,0,1480,16,0,0,0,0,0,loss-1%
164,16,20480,14600,0,164,16,164,0,10.418745,7.311843,0,0,0,1448,16,15616,14480,0,1480,16,64,0,0,0,0,loss-1%
164,16,20480,14600,0,164,16,164,0,10.164623,10.786175,0,0,0,1448,16,15616,14480,0,1480,16,64,0,0,0,0,loss-1%
164,16,20480,14600,0,164,16,164,0,10.340996,7.292297,0,0,0,1448,16,15616,14480,0,1480,16,64,0,0,0,0,loss-1%
164,16,20480,14600,0,164,16,164,0,10.408745,7.462841,0,0,0,1448,16,15616,14480,0,1480,16,64,0,0,0,0,loss-1%
112,16,20480,14600,0,112,16,0,0,11.67669,8.068719,0,0,0,1448,16,15616,14480,0,1480,16,32,0,0,0,0,loss-1%
164,16,20480,14600,0,164,16,164,0,10.482869,7.206753,0,0,0,1448,16,15616,14480,0,1480,16,64,0,0,0,0,loss-1%
164,16,20480,14600,0,164,16,164,0,10.371995,7.373933,0,0,0,1448,16,15616,14480,0,1480,16,64,0,0,0,0,loss-1%
164,16,20480,14600,0,164,16,164,0,10.274122,7.213844,0,0,0,1448,16,15616,14480,0,1480,16,64,0,0,0,0,loss-1%
164,16,20480,14600,0,164,16,164,0,10.311121,7.281661,0,0,0,1448,16,15616,14480,0,1480,16,64,0,0,0,0,loss-1%
164,16,20480,14600,0,164,16,164,0,10.335371,7.248661,0,0,0,1448,16,15616,14480,0,1480,16,64,0,0,0,0,loss-1%
164,16,20480,14600,0,164,16,164,0,10.36612,7.316206,0,0,0,1448,16,15616,14480,0,1480,16,64,0,0,0,0,loss-1%
164,16,20480,14600,0,164,16,164,0,10.42587,7.300025,0,0,0,1448,16,15616,14480,0,1480,16,64,0,0,0,0,loss-1%
164,16,20480,14600,0,164,16,164,0,10.251122,7.330024,0,0,0,1448,16,15616,14480,0,1480,16,64,0,0,0,0,loss-1%
164,16,20480,14600,0,164,16,164,0,10.280996,4.470839,0,0,0,1448,16,15616,14480,0,1480,16,64,0,0,0,0,loss-1%
164,16,20480,14600,0,164,16,164,0,10.263872,7.218025,0,0,0,1448,16,15616,14480,0,1480,16,64,0,0,0,0,loss-1%
164,16,20480,14600,0,164,16,164,0,10.323871,7.284388,0,0,0,1448,16,15616,14480,0,1480,16,64,0,0,0,0,loss-1%
164,16,20480,14600,0,164,16,164,0,10.463869,7.271116,0,0,0,1448,16,15616,14480,0,1480,16,64,0,0,0,0,loss-1%
164,16,20480,14600,0,164,16,164,0,10.43512,7.30057,0,0,0,1448,16,15616,14480,0,1480,16,64,0,0,0,0,loss-1%
164,16,20480,14600,0,164,16,164,0,10.804365,7.265752,0,0,0,1448,16,15616,14480,0,1480,16,64,0,0,0,0,loss-1%
164,16,20480,14600,0,164,16,164,0,10.479619,7.366388,0,0,0,1448,16,15616,14480,0,1480,16,64,0,0,0,0,loss-1%
164,16,20480,14600,0,164,16,164,0,10.525868,7.316752,0,0,0,1448,16,15616,14480,0,1480,16,64,0,0,0,0,loss-1%
164,16,20480,14600,0,164,16,164,0,10.468494,8.075819,0,0,0,1448,16,15616,14480,0,1480,16,0,0,0,0,0,loss-1%
164,16,20480,14600,0,164,16,164,0,10.461869,3.741966,0,0,0,1448,16,15616,14480,0,1480,16,64,0,0,0,0,loss-1%
164,16,17536,14600,0,164,16,164,0,11.872116,8.744903,0,0,0,1448,16,15616,14480,0,1480,16,64,0,0,0,0,loss-1%
164,16,20480,14600,0,164,16,164,0,10.421495,7.310934,0,0,0,1448,16,15616,14480,0,1480,16,64,0,0,0,0,loss-1%
164,16,20480,14600,0,164,16,164,0,10.448994,7.354206,0,0,0,1448,16,15616,14480,0,1480,16,64,0,0,0,0,loss-1%
164,16,20480,14600,0,164,16,164,0,10.363495,7.266298,0,0,0,1448,16,15616,14480,0,1480,16,64,0,0,0,0,loss-1%
164,16,20480,14600,0,164,16,164,0,10.397745,7.318206,0,0,0,1448,16,15616,14480,0,1480,16,64,0,0,0,0,loss-1%
164,16,20480,14600,0,164,16,164,0,10.356996,7.331479,0,0,0,1448,16,15616,14480,0,1480,16,64,0,0,0,0,loss-1%
164,16,20480,14600,0,164,16,164,0,10.547368,4.086459,0,0,0,1448,16,15616,14480,0,1480,16,64,0,0,0,0,loss-1%
164,16,20480,14600,0,164,16,164,0,10.589868,7.402205,0,0,0,1448,16,15616,14480,0,1480,16,64,0,0,0,0,loss-1%
164,16,20480,14600,0,164,16,164,0,10.335871,7.377478,0,0,0,1448,16,15616,14480,0,1480,16,64,0,0,0,0,loss-1%
164,16,20480,14600,0,164,16,164,0,10.204997,7.290297,0,0,0,1448,16,15616,14480,0,1480,16,64,0,0,0,0,loss-1%
164,16,20480,14600,0,164,16,164,0,10.420745,8.00672,0,0,0,1448,16,15616,14480,0,1480,16,64,0,0,0,0,loss-1%
164,16,20480,14600,0,164,16,164,0,10.444744,7.320933,0,0,0,1448,16,15616,14480,0,1480,16,64,0,0,0,0,loss-1%
164,16,20480,14600,0,164,16,164,0,10.462494,7.357842,0,0,0,1448,16,15616,14480,0,1480,16,64,0,0,0,0,loss-1%
164,16,20480,14600,0,164,16,164,0,10.41212,7.349024,0,0,0,1448,16,15616,14480,0,1480,16,64,0,0,0,0,loss-1%
164,16,20480,14600,0,164,16,164,0,10.486119,7.298843,0,0,0,1448,16,15616,14480,0,1480,16,64,0,0,0,0,loss-1%
164,16,20480,14600,0,164,16,164,0,10.293996,7.331115,0,0,0,1448,16,15616,14480,0,1480,16,64,0,0,0,0,loss-1%
164,16,20480,14600,0,164,16,164,0,13.840603,4.03186,0,0,0,1448,16,15616,14480,0,1480,16,64,0,0,0,0,loss-1%
164,16,20480,14600,0,164,16,164,0,10.498369,7.217389,0,0,0,1448,16,15616,14480,0,1480,16,64,0,0,0,0,loss-1%
164,16,20480,14600,0,164,16,164,0,10.465119,7.366388,0,0,0,1448,16,15616,14480,0,1480,16,64,0,0,0,0,loss-1%
164,16,20480,14600,0,164,16,164,0,10.280996,7.303206,0,0,0,1448,16,15616,14480,0,1480,16,64,0,0,0,0,loss-1%
164,16,20480,14600,0,164,16,164,0,10.315121,7.367751,0,0,0,1448,16,15616,14480,0,1480,16,64,0,0,0,0,loss-1%
164,16,20480,14600,0,164,16,164,0,10.466869,7.245752,0,0,0,1448,16,15616,14480,0,1480,16,64,0,0,0,0,loss-1%
164,16,20480,14600,0,164,16,164,0,10.405995,7.270388,0,0,0,1448,16,15616,14480,0,1480,16,64,0,0,0,0,loss-1%
164,16,20480,14600,0,164,16,164,0,10.301746,8.135519,0,0,0,1448,16,15616,14480,0,1480,16,64,0,0,0,0,loss-1%
164,16,20480,14600,0,164,16,164,0,6.10277,7.422205,0,0,0,1448,16,15616,14480,0,1480,16,64,0,0,0,0,loss-1%
164,16,20480,14600,0,164,16,164,0,10.38812,7.334115,0,0,0,1448,16,15616,14480,0,1480,16,64,0,0,0,0,loss-1%
164,16,20480,14600,0,164,16,164,0,10.364245,7.301388,0,0,0,1448,16,15616,14480,0,1480,16,64,0,0,0,0,loss-1%
164,16,20480,14600,0,164,16,164,0,10.323371,7.30557,0,0,0,1448,16,15616,14480,0,1480,16,64,0,0,0,0,loss-1%
164,16,20480,14600,0,164,16,164,0,10.431495,7.369842,0,0,0,1448,16,15616,14480,0,1480,16,64,0,0,0,0,loss-1%
164,16,20480,14600,0,164,16,164,0,10.446369,7.385206,0,0,0,1448,16,15616,14480,0,1480,16,64,0,0,0,0,loss-1%
164,16,20480,14600,0,164,16,164,0,10.361245,7.212025,0,0,0,1448,16,15616,14480,0,1480,16,64,0,0,0,0,loss-1%
164,16,20480,14600,0,164,16,164,0,10.39312,7.260025,0,0,0,1448,16,15616,14480,0,1480,16,64,0,0,0,0,loss-1%
164,16,20480,14600,0,164,16,164,0,10.334996,7.242116,0,0,0,1448,16,15616,14480,0,1480,16,64,0,0,0,0,loss-1%
164,16,20480,14600,0,164,16,164,0,10.336121,7.349842,0,0,0,1448,16,15616,14480,0,1480,16,64,0,0,0,0,loss-1%
164,16,20480,14600,0,164,16,164,0,10.449869,7.333661,0,0,0,1448,16,15616,14480,0,1480,16,64,0,0,0,0,loss-1%
164,16,20480,14600,0,164,16,164,0,10.333871,7.297934,0,0,0,1448,16,15616,14480,0,1480,16,64,0,0,0,0,loss-1%
164,16,20480,14600,0,164,16,164,0,6.240339,7.290025,0,0,0,1448,16,15616,14480,0,1480,16,64,0,0,0,0,loss-1%
164,16,20480,14600,0,164,16,164,0,10.564368,7.349206,0,0,0,1448,16,15616,14480,0,1480,16,64,0,0,0,0,loss-1%
164,16,20480,14600,0,164,16,164,0,10.450119,7.387569,0,0,0,1448,16,15616,14480,0,1480,16,64,0,0,0,0,loss-1%
164,16,20480,14600,0,164,16,164,0,10.378745,7.286025,0,0,0,1448,16,15616,14480,0,1480,16,64,0,0,0,0,loss-1%
164,16,20480,14600,0,164,16,164,0,10.448494,7.342115,0,0,0,1448,16,15616,14480,0,1480,16,64,0,0,0,0,loss-1%
164,16,20480,14600,0,164,16,164,0,10.484119,7.327842,0,0,0,1448,16,15616,14480,0,1480,16,64,0,0,0,0,loss-1%
164,16,20480,14600,0,164,16,164,0,10.537368,7.340751,0,0,0,1448,16,15616,14480,0,1480,16,64,0,0,0,0,loss-1%
164,16,20480,14600,0,164,16,164,0,10.304371,7.317024,0,0,0,1448,16,15616,14480,0,1480,16,64,0,0,0,0,loss-1%
164,16,20480,14600,0,164,16,164,0,10.439995,7.370933,0,0,0,1448,16,15616,14480,0,1480,16,64,0,0,0,0,loss-1%
164,16,20480,14600,0,164,16,164,0,10.899364,7.372751,0,0,0,1448,16,15616,14480,0,1480,16,64,0,0,0,0,loss-1%
164,16,20480,14600,0,164,16,164,0,10.38512,7.381569,0,0,0,1448,16,15616,14480,0,1480,16,64,0,0,0,0,loss-1%
164,16,20480,14600,0,164,16,164,0,10.419745,7.296025,0,0,0,1448,16,15616,14480,0,1480,16,64,0,0,0,0,loss-1%
164,16,20480,14600,0,164,16,164,0,10.418495,7.354115,0,0,0,1448,16,15616,14480,0,1480,16,64,0,0,0,0,loss-1%
164,16,20480,14600,0,164,16,164,0,10.306371,7.33557,0,0,0,1448,16,15616,14480,0,1480,16,64,0,0,0,0,loss-1%
164,16,20480,14600,0,164,16,164,0,10.407995,7.332842,0,0,0,1448,16,15616,14480,0,1480,16,64,0,0,0,0,loss-1%
164,16,20480,14600,0,164,16,164,0,10.354496,10.836901,0,0,0,1448,16,15616,14480,0,1480,16,64,0,0,0,0,loss-1%
164,16,20480,14600,0,164,16,164,0,10.466869,7.350115,0,0,0,1448,16,15616,14480,0,1480,16,64,0,0,0,0,loss-1%
164,16,20480,14600,0,164,16,164,1,12.053542,7.312661,0,0,0,1448,16,15616,14480,0,1480,16,64,0,0,0,0,loss-1%
164,16,20480,14600,0,164,16,164,0,10.323996,7.337933,0,0,0,1448,16,15616,14480,0,1480,16,64,0,0,0,0,loss-1%
0,0,14720,14600,0,0,0,0,0,0.532473,0.032997,0,0,0,32,32,14592,14480,0,32,32,32,0,0,0,0,loss-1%
164,16,20480,14600,0,164,16,164,0,10.430495,10.910992,0,0,0,1448,16,15616,14480,0,1480,16,64,0,0,0,0,loss-1%
164,16,20480,14600,0,164,16,164,0,1686.669917,7.98682,0,0,0,1448,16,15616,14480,0,1480,16,64,0,0,0,0,loss-1%
164,16,20480,14600,0,164,16,164,0,10.502619,7.364569,0,0,0,1448,16,15616,14480,0,1480,16,64,0,0,0,0,loss-1%
164,16,20480,14600,0,164,16,164,0,10.37262,7.379933,0,0,0,1448,16,15616,14480,0,1480,16,64,0,0,0,0,loss-1%
164,16,20480,14600,0,164,16,164,0,10.38712,7.314752,0,0,0,1448,16,15616,14480,0,1480,16,64,0,0,0,0,loss-1%
164,16,20480,14600,0,164,16,164,0,10.37212,7.392387,0,0,0,1448,16,15616,14480,0,1480,16,64,0,0,0,0,loss-1%
164,16,20480,14600,0,164,16,164,0,10.448369,7.53075,0,0,0,1448,16,15616,14480,0,1480,16,64,0,0,0,0,loss-1%
164,16,20480,14600,0,164,16,164,0,10.312871,7.432751,0,0,0,1448,16,15616,14480,0,1480,16,64,0,0,0,0,loss-1%
164,16,20480,14600,0,164,16,164,0,10.287371,7.461387,0,0,0,1448,16,15616,14480,0,1480,16,64,0,0,0,0,loss-1%
164,16,20480,14600,0,164,16,164,0,10.393245,7.321933,0,0,0,1448,16,15616,14480,0,1480,16,64,0,0,0,0,loss-1%
164,16,20480,14600,0,164,16,164,0,10.359371,7.242207,0,0,0,1448,16,15616,14480,0,1480,16,64,0,0,0,0,loss-1%
164,16,20480,14600,0,164,16,164,0,10.43637,7.9972,0,0,0,1448,16,15616,14480,0,1480,16,64,0,0,0,0,loss-1%
164,16,20480,14600,0,164,16,164,0,10.359121,7.242207,0,0,0,1448,16,15616,14480,0,1480,16,64,0,0,0,0,loss-1%
164,16,20480,14600,0,164,16,164,0,10.555243,3.700875,0,0,0,1448,16,15616,14480,0,1480,16,64,0,0,0,0,loss-1%
164,16,20480,14600,0,164,16,164,0,10.41587,7.239843,0,0,0,1448,16,15616,14480,0,1480,16,64,0,0,0,0,loss-1%
164,16,20480,14600,0,164,16,164,0,10.426495,7.343661,0,0,0,1448,16,15616,14480,0,1480,16,64,0,0,0,0,loss-1%
164,16,20480,14600,0,164,16,164,0,10.504619,7.451569,0,0,0,1448,16,15616,14480,0,1480,16,64,0,0,0,0,loss-1%
164,16,20480,14600,0,164,16,164,0,10.457994,7.35366,0,0,0,1448,16,15616,14480,0,1480,16,64,0,0,0,0,loss-1%
164,16,20480,14600,0,164,16,164,0,10.347496,7.362388,0,0,0,1448,16,15616,14480,0,1480,16,64,0,0,0,0,loss-1%
164,16,20480,14600,0,164,16,164,0,6.190912,4.554727,0,0,0,1448,16,15616,14480,0,1480,16,64,0,0,0,0,loss-1%
164,16,20480,14600,0,164,16,164,0,10.40412,7.369478,0,0,0,1448,16,15616,14480,0,1480,16,64,0,0,0,0,loss-1%
164,16,20480,14600,0,164,16,164,0,10.447619,7.367478,0,0,0,1448,16,15616,14480,0,1480,16,64,0,0,0,0,loss-1%
164,16,20480,14600,0,164,16,164,0,10.524243,7.375751,0,0,0,1448,16,15616,14480,0,1480,16,64,0,0,0,0,loss-1%
164,16,20480,14600,0,164,16,164,0,10.500994,7.231025,0,0,0,1448,16,15616,14480,0,1480,16,64,0,0,0,0,loss-1%
164,16,20480,14600,0,164,16,164,0,10.413245,7.356206,0,0,0,1448,16,15616,14480,0,1480,16,64,0,0,0,0,loss-1%
164,16,20480,14600,0,164,16,164,0,10.342621,7.345479,0,0,0,1448,16,15616,14480,0,1480,16,64,0,0,0,0,loss-1%
164,16,20480,14600,0,164,16,164,0,10.38062,7.286297,0,0,0,1448,16,15616,14480,0,1480,16,64,0,0,0,0,loss-5%
164,16,20480,14600,0,164,16,164,0,10.544118,7.357479,0,0,0,1448,16,15616,14480,0,1480,16,64,0,0,0,0,loss-5%
164,16,20480,14600,0,164,16,164,0,15.60643,4.075959,0,0,0,1448,16,15616,14480,0,1480,16,64,0,0,0,0,loss-5%
164,16,20480,14600,0,164,16,164,1,6.112198,8.071319,0,0,0,1448,16,1853440,14480,0,1480,16,64,0,0,0,1,loss-5%
164,16,20480,14600,0,164,16,164,0,10.550493,7.309206,0,0,0,1448,16,15616,14480,0,1480,16,64,0,0,0,0,loss-5%
164,16,20480,14600,0,164,16,164,0,10.307746,26.542486,0,0,0,1448,16,15616,14480,0,1480,16,64,0,0,0,0,loss-5%
164,16,20480,14600,0,164,16,164,0,10.484994,7.322206,0,0,0,1448,16,15616,14480,0,1480,16,64,0,0,0,0,loss-5%
164,16,20480,14600,0,164,16,164,2,7.069049,7.612294,0,0,0,1448,16,15616,14480,0,1480,16,64,0,0,0,0,loss-5%
164,16,17536,14600,0,164,16,164,0,10.419995,11.937581,0,0,0,1448,16,15616,14480,0,2688,16,64,1,0,0,0,loss-5%
0,0,14720,14600,0,0,0,0,0,0.459977,0.021998,0,0,0,32,32,14592,14480,0,32,32,32,0,0,0,0,loss-5%
164,16,20480,14600,0,164,16,164,0,10.475619,29.248308,0,0,0,1448,16,15616,14480,0,1480,16,64,1,0,0,0,loss-5%
164,16,20480,14600,0,164,16,164,0,10.572993,26.553668,0,0,0,1448,16,15616,14480,0,1480,16,64,0,0,0,0,loss-5%
164,16,20480,14600,0,164,16,164,1,6.238768,7.397205,0,0,0,1448,16,15616,14480,0,1480,16,64,0,0,0,0,loss-5%
164,16,20480,14600,0,164,16,164,0,10.605742,8.272617,0,0,0,1448,16,15616,14480,0,1480,16,64,1,0,0,0,loss-5%
164,16,20480,14600,0,164,16,164,0,10.355121,8.088019,0,0,0,1448,16,15616,14480,0,1480,16,64,1,0,0,0,loss-5%
164,16,20480,14600,0,164,16,164,0,10.422495,7.341388,0,0,0,1448,16,15616,14480,0,1480,16,64,0,0,0,0,loss-5%
164,16,20480,14600,0,164,16,164,0,10.400245,8.050319,0,0,0,1448,16,1853440,14480,0,1480,16,64,0,0,0,1,loss-5%
164,16,20480,14600,0,164,16,164,0,10.37862,7.315752,0,0,0,1448,16,15616,14480,0,1480,16,64,0,0,0,0,loss-5%
164,16,20480,14600,0,164,16,164,1,6.088913,4.137359,0,0,0,1448,16,15616,14480,0,1480,16,64,1,0,0,0,loss-5%
164,16,20480,14600,0,164,16,164,0,10.37987,7.263298,0,0,0,1448,16,15616,14480,0,1480,16,64,0,0,0,0,loss-5%
164,16,20480,14600,0,164,16,164,0,10.464619,8.056519,0,0,0,1448,16,15616,14480,0,1480,16,64,1,0,0,0,loss-5%
164,16,20480,14600,0,164,16,164,0,10.576493,4.062259,0,0,0,1448,16,15616,14480,0,1480,16,64,1,0,0,0,loss-5%
164,16,20480,14600,0,164,16,164,0,36.068049,8.050919,0,0,0,1448,16,15616,14480,0,1480,16,64,1,0,0,0,loss-5%
164,16,20480,14600,0,164,16,164,0,10.507869,4.04306,0,0,0,1448,16,15616,14480,0,1480,16,64,1,0,0,0,loss-5%
164,16,20480,14600,0,164,16,164,0,10.334371,4.745169,0,0,0,1448,16,15616,14480,0,1480,16,64,2,0,0,0,loss-5%
164,16,20480,14600,0,164,16,164,1,6.117198,7.37966,0,0,0,1448,16,15616,14480,0,1480,16,64,0,0,0,0,loss-5%
164,16,17536,14600,0,164,16,164,0,10.461744,8.913012,0,0,0,1448,16,1853440,14480,0,1480,16,64,2,0,0,1,loss-5%
164,16,20480,14600,0,164,16,164,0,10.477994,7.335842,0,0,0,1448,16,15616,14480,0,1480,16,64,0,0,0,0,loss-5%
164,16,20480,14600,0,164,16,164,0,10.444619,27.641567,0,0,0,1448,16,15616,14480,0,1480,16,64,0,0,0,0,loss-5%
164,16,20480,14600,0,164,16,164,0,10.576368,7.342661,0,0,0,1448,16,15616,14480,0,1480,16,64,0,0,0,0,loss-5%
164,16,20480,14600,0,164,16,164,2,6.204626,8.258517,0,0,0,1448,16,15616,14480,0,1480,16,64,1,0,0,0,loss-5%
164,16,20480,14600,0,164,16,164,0,10.524993,7.357569,0,0,0,1448,16,15616,14480,0,1480,16,64,0,0,0,0,loss-5%
164,16,20480,14600,0,164,16,164,0,10.37087,7.228662,0,0,0,1448,16,15616,14480,0,1480,16,64,0,0,0,0,loss-5%
164,16,20480,14600,0,164,16,164,0,10.461494,4.089059,0,0,0,1448,16,15616,14480,0,1480,16,64,1,0,0,0,loss-5%
164,16,17536,14600,0,164,16,164,1,11.669833,7.940121,0,0,0,1448,16,15616,14480,0,1480,16,64,1,0,0,0,loss-5%
164,16,20480,14600,0,164,16,164,0,10.370495,7.30757,0,0,0,1448,16,15616,14480,0,1480,16,64,0,0,0,0,loss-5%
164,16,20480,14600,0,164,16,164,0,10.39062,7.329752,0,0,0,1448,16,15616,14480,0,1480,16,64,0,0,0,0,loss-5%
164,16,20480,14600,0,164,16,164,0,10.549118,5.36094,0,0,0,1448,16,15616,14480,0,1480,16,64,2,0,0,0,loss-5%
164,16,17536,14600,0,164,16,164,0,10.482494,11.95298,0,0,0,1448,16,15616,14480,0,2688,16,64,1,0,0,0,loss-5%
164,16,20480,14600,0,164,16,164,0,10.385745,8.077019,0,0,0,1448,16,1853440,14480,0,1480,16,64,0,0,0,1,loss-5%
164,16,20480,14600,0,164,16,164,0,10.614242,7.359569,0,0,0,1448,16,15616,14480,0,1480,16,64,0,0,0,0,loss-5%
164,16,20480,14600,0,164,16,164,0,10.43612,7.307479,0,0,0,1448,16,15616,14480,0,1480,16,64,0,0,0,0,loss-5%
164,16,20480,14600,0,164,16,164,0,10.283496,7.322024,0,0,0,1448,16,15616,14480,0,1480,16,64,0,0,0,0,loss-5%
164,16,20480,14600,0,164,16,164,0,10.458369,7.333206,0,0,0,1448,16,15616,14480,0,1480,16,64,0,0,0,0,loss-5%
164,16,17536,14600,0,164,16,164,0,10.261497,7.99172,0,0,0,1448,16,15616,14480,0,1480,16,64,1,0,0,0,loss-5%
164,16,20480,14600,0,164,16,164,0,10.524493,7.335479,0,0,0,1448,16,15616,14480,0,1480,16,64,0,0,0,0,loss-5%
164,16,20480,14600,0,164,16,164,0,10.348871,29.236608,0,0,0,1448,16,15616,14480,0,1480,16,64,1,0,0,0,loss-5%
164,16,20480,14600,0,164,16,164,0,10.529743,4.320457,0,0,0,1448,16,15616,14480,0,1480,16,64,1,0,0,0,loss-5%
164,16,20480,14600,0,164,16,164,0,10.457119,26.44876,0,0,0,1448,16,15616,14480,0,1480,16,64,0,0,0,0,loss-5%
164,16,20480,14600,0,164,16,164,1,6.066342,7.256298,0,0,0,1448,16,15616,14480,0,1480,16,64,0,0,0,0,loss-5%
164,16,20480,14600,0,164,16,164,0,10.451244,7.448205,0,0,0,1448,16,15616,14480,0,1480,16,64,0,0,0,0,loss-5%
164,16,20480,14600,0,164,16,164,0,10.454744,7.328752,0,0,0,1448,16,15616,14480,0,1480,16,64,0,0,0,0,loss-5%
164,16,20480,14600,0,164,1,164,0,6.135198,29.208008,0,0,0,1448,16,15616,14480,0,1480,16,64,1,0,0,0,loss-5%
164,16,20480,14600,0,164,16,164,0,10.480119,7.413569,0,0,0,1448,16,15616,14480,0,1480,16,64,0,0,0,0,loss-5%
164,16,20480,14600,0,164,16,164,0,10.563368,4.172858,0,0,0,1448,16,15616,14480,0,1480,16,64,1,0,0,0,loss-5%
164,16,20480,14600,0,164,16,164,3,6.185769,7.441751,0,0,0,1448,16,15616,14480,0,1480,16,64,0,0,0,0,loss-5%
164,16,20480,14600,0,164,16,164,1,11.603691,7.32657,0,0,0,1448,16,15616,14480,0,1480,16,64,0,0,0,0,loss-5%
164,16,20480,14600,0,164,16,164,0,10.308746,7.327842,0,0,0,1448,16,15616,14480,0,1480,16,64,0,0,0,0,loss-5%
164,16,20480,14600,0,164,16,164,0,10.43412,8.871679,0,0,0,1448,16,1853440,14480,0,1480,16,64,1,0,0,1,loss-5%
164,16,20480,14600,0,164,16,164,0,10.43062,7.307206,0,0,0,1448,16,15616,14480,0,1480,16,64,0,0,0,0,loss-5%
164,16,20480,14600,0,164,16,164,0,10.298371,7.23448,0,0,0,1448,16,15616,14480,0,1480,16,64,0,0,0,0,loss-5%
164,16,20480,14600,0,164,16,164,0,10.42387,4.156558,0,0,0,1448,16,15616,14480,0,1480,16,64,1,0,0,0,loss-5%
164,16,20480,14600,0,164,16,164,0,10.37712,8.075819,0,0,0,1448,16,1853440,14480,0,1480,16,64,0,0,0,1,loss-5%
164,16,20480,14600,0,164,16,164,0,10.341496,7.373024,0,0,0,1448,16,15616,14480,0,1480,16,64,0,0,0,0,loss-5%
164,16,20480,14600,0,164,16,164,0,7.241713,8.870235,0,0,0,64,16,15616,14480,0,64,16,64,0,0,0,0,loss-5%
164,16,20480,14600,0,164,16,164,0,10.496244,7.341024,0,0,0,1448,16,15616,14480,0,1480,16,64,0,0,0,0,loss-5%
164,16,20480,14600,0,164,16,164,0,10.372745,7.346388,0,0,0,1448,16,15616,14480,0,1480,16,64,0,0,0,0,loss-5%
164,16,20480,14600,0,164,16,164,0,10.491369,85.276043,0,0,0,1448,16,15616,14480,0,1480,16,64,0,0,0,0,loss-5%
164,16,20480,14600,0,164,16,164,0,10.345371,7.98552,0,0,0,1448,16,15616,14480,0,1480,16,64,1,0,0,0,loss-5%
164,16,20480,14600,0,164,16,164,0,10.349121,7.558022,0,0,0,1448,16,15616,14480,0,1480,16,64,0,0,0,0,loss-5%
164,16,20480,14600,0,164,16,164,0,10.763865,7.313661,0,0,0,1448,16,15616,14480,0,1480,16,64,0,0,0,0,loss-5%
164,16,20480,14600,0,164,16,164,0,10.452994,8.116419,0,0,0,1448,16,1853440,14480,0,1480,16,64,0,0,0,1,loss-5%
164,16,17536,14600,0,164,16,164,0,10.594993,8.03852,0,0,0,1448,16,15616,14480,0,1480,16,64,1,0,0,0,loss-5%
164,16,20480,14600,0,164,16,164,0,10.36562,7.469932,0,0,0,1448,16,15616,14480,0,1480,16,64,0,0,0,0,loss-5%
164,16,20480,14600,0,164,16,164,0,10.391995,8.04932,0,0,0,1448,16,1853440,14480,0,1480,16,64,0,0,0,1,loss-5%
164,16,20480,14600,0,164,16,164,0,10.470244,7.369388,0,0,0,1448,16,15616,14480,0,1480,16,64,0,0,0,0,loss-5%
164,16,17536,14600,0,164,16,164,0,10.337496,11.96658,0,0,0,1448,16,15616,14480,0,2688,16,64,1,0,0,0,loss-5%
164,16,20480,14600,0,164,16,164,1,6.222054,7.259479,0,0,0,1448,16,15616,14480,0,1480,16,64,0,0,0,0,loss-5%
164,16,20480,14600,0,164,16,164,0,10.422495,28.528915,0,0,0,1448,16,15616,14480,0,1480,16,64,0,0,0,0,loss-5%
164,16,20480,14600,0,164,16,164,0,10.435245,7.323479,0,0,0,1448,16,15616,14480,0,1480,16,64,0,0,0,0,loss-5%
164,16,20480,14600,0,164,16,164,0,10.42412,7.291297,0,0,0,1448,16,15616,14480,0,1480,16,64,0,0,0,0,loss-5%
164,16,20480,14600,0,164,16,164,0,10.452494,7.296843,0,0,0,1448,16,15616,14480,0,1480,16,64,0,0,0,0,loss-5%
164,16,20480,14600,0,164,16,164,0,10.465244,26.672394,0,0,0,1448,16,15616,14480,0,1480,16,64,0,0,0,0,loss-5%
164,16,20480,14600,0,164,16,164,1,11.972258,4.507839,0,0,0,1448,16,15616,14480,0,1480,1,64,2,0,0,0,loss-5%
164,16,20480,14600,0,164,16,164,0,10.318621,7.332206,0,0,0,1448,16,15616,14480,0,1480,16,64,0,0,0,0,loss-5%
164,16,20480,14600,0,164,16,164,1,11.922973,7.304661,0,0,0,1448,16,15616,14480,0,1480,1,64,0,0,0,0,loss-5%
164,16,17536,14600,0,164,16,164,1,6.094342,11.947981,0,0,0,1448,16,15616,14480,0,2688,16,64,1,0,0,0,loss-5%
164,16,20480,14600,0,164,16,164,1,6.428765,7.340388,0,0,0,1448,16,15616,14480,0,1480,16,64,0,0,0,0,loss-5%
164,16,20480,14600,0,164,16,164,0,10.404995,7.282934,0,0,0,1448,16,15616,14480,0,1480,16,64,0,0,0,0,loss-5%
164,16,20480,14600,0,164,16,164,0,10.317996,7.277388,0,0,0,1448,16,15616,14480,0,1480,16,64,0,0,0,0,loss-5%
164,16,20480,14600,0,164,16,164,0,135.426432,7.353751,0,0,0,1448,16,15616,14480,0,1480,16,64,0,0,0,0,loss-5%
164,16,20480,14600,0,164,16,164,0,10.444619,7.27657,0,0,0,1448,16,15616,14480,0,1480,16,64,0,0,0,0,loss-5%
164,16,20480,14600,0,164,1,164,0,10.490244,7.99412,0,0,0,1448,16,15616,14480,0,1480,16,64,1,0,0,0,loss-5%
164,16,20480,14600,0,164,16,164,1,6.138627,7.328842,0,0,0,1448,16,15616,14480,0,1480,16,64,0,0,0,0,loss-5%
164,16,20480,14600,0,164,16,164,0,10.296746,4.304957,0,0,0,1448,16,15616,14480,0,1480,16,64,1,0,0,0,loss-5%
164,16,20480,14600,0,164,16,164,0,10.476619,7.28857,0,0,0,1448,16,15616,14480,0,1480,16,64,0,0,0,0,loss-5%
164,16,20480,14600,0,164,16,164,0,10.40162,7.484114,0,0,0,1448,16,15616,14480,0,1480,16,64,0,0,0,0,loss-5%
164,16,20480,14600,0,164,16,164,0,10.510119,7.332661,0,0,0,1448,16,15616,14480,0,1480,16,64,0,0,0,0,loss-5%
164,16,20480,14600,0,164,16,164,0,10.358871,7.330297,0,0,0,1448,16,15616,14480,0,1480,16,64,0,0,0,0,loss-5%
164,16,20480,14600,0,164,16,164,1,6.519907,8.03112,0,0,0,1448,16,15616,14480,0,1480,16,64,1,0,0,0,loss-5%
164,16,20480,14600,0,164,16,164,0,10.471869,7.433296,0,0,0,1448,16,15616,14480,0,1480,16,64,0,0,0,0,loss-5%
164,16,20480,14600,0,164,16,164,0,10.465494,7.379297,0,0,0,1448,16,15616,14480,0,1480,16,64,0,0,0,0,loss-5%
164,16,20480,14600,0,164,16,164,0,10.410745,4.082459,0,0,0,1448,16,15616,14480,0,1480,16,64,1,0,0,0,loss-5%
164,16,20480,14600,0,164,16,164,0,10.379245,7.32857,0,0,0,1448,16,15616,14480,0,1480,16,64,0,0,0,0,loss-5%
164,16,20480,14600,0,164,16,164,0,10.320371,7.483205,0,0,0,1448,16,15616,14480,0,1480,16,64,0,0,0,0,loss-5%
164,16,20480,14600,0,164,16,164,0,10.463994,7.330933,0,0,0,1448,16,15616,14480,0,1480,16,64,0,0,0,0,loss-5%
164,16,20480,14600,0,164,16,164,2,6.97705,7.251116,0,0,0,1448,16,15616,14480,0,1480,1,64,0,0,0,0,loss-5%
164,16,20480,14600,0,164,16,164,1,6.132627,7.317661,0,0,0,1448,16,15616,14480,0,1480,16,64,0,0,0,0,loss-5%
164,16,20480,14600,0,164,16,164,0,10.40587,4.04976,0,0,0,1448,16,15616,14480,0,1480,16,64,2,0,0,0,loss-5%
164,16,20480,14600,0,164,16,164,1,11.751546,7.299752,0,0,0,1448,16,15616,14480,0,1480,16,64,0,0,0,0,loss-5%
164,16,17536,14600,0,164,16,164,0,10.43212,11.895481,0,0,0,1448,16,15616,14480,0,2688,16,64,1,0,0,0,loss-5%
164,16,20480,14600,0,164,16,164,0,10.379245,7.358206,0,0,0,1448,16,15616,14480,0,1480,16,64,0,0,0,0,loss-5%
164,16,20480,14600,0,164,16,164,0,10.41537,7.262479,0,0,0,1448,16,15616,14480,0,1480,16,64,0,0,0,0,loss-5%
164,16,20480,14600,0,164,1,164,0,10.602617,7.96232,0,0,0,1448,16,15616,14480,0,1480,16,64,1,0,0,0,loss-5%
164,16,20480,14600,0,164,16,164,0,10.242622,8.280517,0,0,0,1448,16,1853440,14480,0,1480,16,64,0,0,0,1,loss-5%
164,16,20480,14600,0,164,16,164,0,10.537118,7.27057,0,0,0,1448,16,15616,14480,0,1480,16,64,0,0,0,0,loss-5%
164,16,17536,14600,0,164,16,164,1,11.887402,8.01432,0,0,0,1448,16,15616,14480,0,1480,1,64,1,0,0,0,loss-5%
164,16,20480,14600,0,164,16,164,1,6.231054,8.01802,0,0,0,1448,16,15616,14480,0,1480,16,64,1,0,0,0,loss-5%
164,16,20480,14600,0,164,16,164,0,11.385983,7.321752,0,0,0,1448,16,15616,14480,0,1480,16,64,0,0,0,0,loss-5%
112,16,20480,14600,0,112,16,0,0,11.756689,8.01462,0,0,0,1448,16,15616,14480,0,1480,16,32,0,0,0,0,duplicate-1%
164,16,20480,14600,0,164,16,164,0,10.40387,4.567505,0,0,0,1448,16,15616,14480,0,1480,16,64,0,0,0,0,duplicate-1%
164,16,20480,14600,0,164,16,164,0,10.475744,7.355842,0,0,0,1448,16,15616,14480,0,1480,16,64,0,0,0,0,duplicate-1%
164,16,20480,14600,0,164,16,164,0,10.520868,7.372569,0,0,0,1448,16,15616,14480,0,1480,16,64,0,0,0,0,duplicate-1%
164,16,20480,14600,0,164,16,164,0,10.198123,7.283025,0,0,0,1448,16,15616,14480,0,1480,16,64,0,0,0,0,duplicate-1%
164,16,20480,14600,0,164,16,164,0,10.42137,7.316388,0,0,0,1448,16,15616,14480,0,1480,16,64,0,0,0,0,duplicate-1%
164,16,20480,14600,0,164,16,164,0,10.329121,7.425932,0,0,0,1448,16,15616,14480,0,1480,16,64,0,0,0,0,duplicate-1%
164,16,20480,14600,0,164,16,164,0,10.413745,7.345388,0,0,0,1448,16,15616,14480,0,1480,16,64,0,0,0,0,duplicate-1%
164,16,20480,14600,0,164,16,164,0,10.334246,4.113459,0,0,0,1448,16,15616,14480,0,1480,16,64,0,0,0,0,duplicate-1%
164,16,20480,14600,0,164,16,164,0,10.343121,7.450296,0,0,0,1448,16,15616,14480,0,1480,16,64,0,0,0,0,duplicate-1%
164,16,20480,14600,0,164,16,164,0,10.349746,7.329479,0,0,0,1448,16,15616,14480,0,1480,16,64,0,0,0,0,duplicate-1%
164,16,20480,14600,0,164,16,164,0,10.83999,7.342933,0,0,0,1448,16,15616,14480,0,1480,16,64,0,0,0,0,duplicate-1%
164,16,20480,14600,0,164,16,164,0,10.277247,7.95222,0,0,0,1448,16,15616,14480,0,1480,16,64,0,0,0,0,duplicate-1%
164,16,20480,14600,0,164,16,164,0,10.382245,7.273207,0,0,0,1448,16,15616,14480,0,1480,16,64,0,0,0,0,duplicate-1%
164,16,20480,14600,0,164,16,164,0,10.460244,7.295115,0,0,0,1448,16,15616,14480,0,1480,16,64,0,0,0,0,duplicate-1%
164,16,20480,14600,0,164,16,164,0,10.448244,7.268116,0,0,0,1448,16,15616,14480,0,1480,16,64,0,0,0,0,duplicate-1%
164,16,20480,14600,0,164,16,164,0,10.359121,7.276934,0,0,0,1448,16,15616,14480,0,1480,16,64,0,0,0,0,duplicate-1%
164,16,20480,14600,0,164,16,164,0,10.406995,7.315661,0,0,0,1448,16,15616,14480,0,1480,16,64,0,0,0,0,duplicate-1%
164,16,20480,14600,0,164,16,164,0,5.402557,7.285479,0,0,0,1448,16,15616,14480,0,1480,16,64,0,0,0,0,duplicate-1%
164,16,20480,14600,0,164,16,164,0,11.57512,7.326115,0,0,0,1448,16,15616,14480,0,1480,16,64,0,0,0,0,duplicate-1%
164,16,20480,14600,0,164,16,164,0,10.36787,7.99892,0,0,0,1448,16,15616,14480,0,1480,16,64,0,0,0,0,duplicate-1%
164,16,20480,14600,0,164,16,164,0,5.452182,7.364479,0,0,0,1448,16,15616,14480,0,1480,16,64,0,0,0,0,duplicate-1%
164,16,20480,14600,0,164,16,164,0,5.447182,7.345751,0,0,0,1448,16,15616,14480,0,1480,16,64,0,0,0,0,duplicate-1%
164,16,20480,14600,0,164,16,164,0,10.445369,7.335388,0,0,0,1448,16,15616,14480,0,1480,16,64,0,0,0,0,duplicate-1%
164,16,20480,14600,0,164,16,164,0,10.294996,7.392751,0,0,0,1448,16,15616,14480,0,1480,16,64,0,0,0,0,duplicate-1%
164,16,20480,14600,0,164,16,164,0,10.475619,7.305206,0,0,0,1448,16,15616,14480,0,1480,16,64,0,0,0,0,duplicate-1%
164,16,20480,14600,0,164,16,164,0,6.113913,7.230298,0,0,0,1448,16,15616,14480,0,1480,16,64,0,0,0,0,duplicate-1%
164,16,20480,14600,0,164,16,164,0,10.496244,7.306752,0,0,0,1448,16,15616,14480,0,1480,16,64,0,0,0,0,duplicate-1%
164,16,20480,14600,0,164,16,164,0,10.41412,7.357569,0,0,0,1448,16,15616,14480,0,1480,16,64,0,0,0,0,duplicate-1%
164,16,20480,14600,0,164,16,164,0,10.304371,7.326206,0,0,0,1448,16,15616,14480,0,1480,16,64,0,0,0,0,duplicate-1%
164,16,20480,14600,0,164,16,164,0,10.352496,7.337842,0,0,0,1448,16,15616,14480,0,1480,16,64,0,0,0,0,duplicate-1%
164,16,20480,14600,0,164,16,164,0,10.413995,7.317479,0,0,0,1448,16,15616,14480,0,1480,16,64,0,0,0,0,duplicate-1%
164,16,20480,14600,0,164,16,164,0,10.460244,7.334024,0,0,0,1448,16,15616,14480,0,1480,16,64,0,0,0,0,duplicate-1%
164,16,20480,14600,0,164,16,164,0,10.41162,7.354115,0,0,0,1448,16,15616,14480,0,1480,16,64,0,0,0,0,duplicate-1%
164,16,20480,14600,0,164,16,164,0,10.421245,7.349206,0,0,0,1448,16,15616,14480,0,1480,16,64,0,0,0,0,duplicate-1%
164,16,20480,14600,0,164,16,164,0,10.347121,7.357024,0,0,0,1448,16,15616,14480,0,1480,16,64,0,0,0,0,duplicate-1%
164,16,20480,14600,0,164,16,164,0,10.420245,7.289843,0,0,0,1448,16,15616,14480,0,1480,16,64,0,0,0,0,duplicate-1%
164,16,20480,14600,0,164,16,164,0,10.480744,7.333479,0,0,0,1448,16,15616,14480,0,1480,16,64,0,0,0,0,duplicate-1%
164,16,20480,14600,0,164,16,164,0,10.368995,7.286297,0,0,0,1448,16,15616,14480,0,1480,16,64,0,0,0,0,duplicate-1%
164,16,20480,14600,0,164,16,164,0,10.299871,7.299934,0,0,0,1448,16,15616,14480,0,1480,16,64,0,0,0,0,duplicate-1%
164,16,20480,14600,0,164,16,164,0,10.322996,8.00892,0,0,0,1448,16,15616,14480,0,1480,16,0,0,0,0,0,duplicate-1%
164,16,20480,14600,0,164,16,164,0,5.459057,7.363024,0,0,0,1448,16,15616,14480,0,1480,16,64,0,0,0,0,duplicate-1%
164,16,20480,14600,0,164,16,164,0,10.651117,7.328752,0,0,0,1448,16,15616,14480,0,1480,16,64,0,0,0,0,duplicate-1%
164,16,20480,14600,0,164,16,164,0,10.375495,7.299934,0,0,0,1448,16,15616,14480,0,1480,16,64,0,0,0,0,duplicate-1%
164,16,20480,14600,0,164,16,164,0,10.365745,7.238571,0,0,0,1448,16,15616,14480,0,1480,16,64,0,0,0,0,duplicate-1%
164,16,20480,14600,0,164,16,164,0,10.39212,7.393024,0,0,0,1448,16,15616,14480,0,1480,16,64,0,0,0,0,duplicate-1%
164,16,20480,14600,0,164,16,164,0,10.181373,7.200662,0,0,0,1448,16,15616,14480,0,1480,16,64,0,0,0,0,duplicate-1%
164,16,20480,14600,0,164,16,164,0,15.342683,4.141459,0,0,0,1448,16,15616,14480,0,1480,16,64,0,0,0,0,duplicate-1%
164,16,20480,14600,0,164,16,164,0,10.499744,7.248934,0,0,0,1448,16,15616,14480,0,1480,16,64,0,0,0,0,duplicate-1%
164,16,20480,14600,0,164,16,164,0,10.356621,7.318661,0,0,0,1448,16,15616,14480,0,1480,16,64,0,0,0,0,duplicate-1%
164,16,20480,14600,0,164,16,164,0,10.352371,6.635195,0,0,0,1448,16,15616,14480,0,1480,16,64,0,0,0,0,duplicate-1%
164,16,20480,14600,0,164,16,164,0,10.41187,7.326206,0,0,0,1448,16,15616,14480,0,1480,16,64,0,0,0,0,duplicate-1%
164,16,20480,14600,0,164,16,164,0,10.410245,7.314661,0,0,0,1448,16,15616,14480,0,1480,16,64,0,0,0,0,duplicate-1%
164,16,20480,14600,0,164,16,164,0,10.37112,7.329661,0,0,0,1448,16,15616,14480,0,1480,16,64,0,0,0,0,duplicate-1%
164,16,20480,14600,0,164,16,164,0,10.351496,7.355297,0,0,0,1448,16,15616,14480,0,1480,16,64,0,0,0,0,duplicate-1%
164,16,20480,14600,0,164,16,164,0,10.363495,7.335842,0,0,0,1448,16,15616,14480,0,1480,16,64,0,0,0,0,duplicate-1%
164,16,20480,14600,0,164,16,164,0,13.008837,7.360751,0,0,0,1448,16,15616,14480,0,1480,16,64,0,0,0,0,duplicate-1%
164,16,20480,14600,0,164,16,164,0,10.291746,7.268025,0,0,0,1448,16,15616,14480,0,1480,16,64,0,0,0,0,duplicate-1%
164,16,20480,14600,0,164,16,164,0,10.307121,7.255479,0,0,0,1448,16,15616,14480,0,1480,16,64,0,0,0,0,duplicate-1%
164,16,20480,14600,0,164,16,164,0,10.107874,7.243389,0,0,0,1448,16,15616,14480,0,1480,16,64,0,0,0,0,duplicate-5%
164,16,17536,14600,0,164,16,164,0,10.38187,7.300297,0,0,0,2896,16,15616,14480,0,2928,16,64,0,0,0,0,duplicate-5%
164,16,20480,14600,0,164,16,164,0,10.37737,7.307115,0,0,0,1448,16,15616,14480,0,1480,16,64,0,0,0,0,duplicate-5%
164,16,20480,14600,0,164,16,164,0,10.38787,7.535295,0,0,0,1448,16,15616,14480,0,1480,16,64,0,0,0,0,duplicate-5%
164,16,20480,14600,0,164,16,164,0,10.315371,7.344661,0,0,0,1448,16,15616,14480,0,1480,16,64,0,0,0,0,duplicate-5%
164,16,20480,14600,0,164,16,164,0,10.577368,7.252934,0,0,0,1448,16,15616,14480,0,1480,16,64,0,0,0,0,duplicate-5%
164,16,20480,14600,0,164,16,164,0,10.481369,0.140999,0,0,0,1448,16,15616,14480,0,1480,16,64,0,0,0,0,duplicate-5%
164,16,20480,14600,0,164,16,164,0,5.327683,7.288752,0,0,0,1448,16,15616,14480,0,1480,16,64,0,0,0,0,duplicate-5%
164,16,20480,14600,0,164,16,164,0,10.375995,7.338479,0,0,0,1448,16,15616,14480,0,1480,16,64,0,0,0,0,duplicate-5%
164,16,20480,14600,0,164,16,164,0,10.42612,7.320024,0,0,0,1448,16,15616,14480,0,1480,16,64,0,0,0,0,duplicate-5%
164,16,20480,14600,0,164,16,164,0,10.38987,7.202571,0,0,0,1448,16,15616,14480,0,2928,16,64,0,0,0,0,duplicate-5%
164,16,20480,14600,0,164,16,164,0,10.326246,7.392751,0,0,0,1448,16,15616,14480,0,1480,16,64,0,0,0,0,duplicate-5%
164,16,20480,14600,0,164,16,164,0,10.366245,7.314297,0,0,0,1448,16,15616,14480,0,1480,16,64,0,0,0,0,duplicate-5%
164,16,20480,14600,0,164,16,164,0,10.397745,7.308752,0,0,0,1448,16,15616,14480,0,1480,16,64,0,0,0,0,duplicate-5%
164,16,20480,14600,0,164,16,164,0,5.413182,3.721057,0,0,0,1448,16,15616,14480,0,1480,16,64,0,0,0,0,duplicate-5%
164,16,17536,14600,0,164,16,164,0,10.37612,7.354115,0,0,0,2896,16,15616,14480,0,2928,16,64,0,0,0,0,duplicate-5%
164,16,20480,14600,0,164,16,164,0,10.344496,7.34457,0,0,0,1448,16,15616,14480,0,1480,16,64,0,0,0,0,duplicate-5%
164,16,20480,14600,0,164,16,164,0,10.367995,3.669058,0,0,0,1448,16,15616,14480,0,1480,16,64,0,0,0,0,duplicate-5%
164,16,20480,14600,0,164,16,164,0,10.340871,7.388478,0,0,0,1448,16,15616,14480,0,1480,16,64,0,0,0,0,duplicate-5%
164,16,20480,14600,0,164,16,164,0,5.359808,7.378933,0,0,0,1448,16,15616,14480,0,1480,16,64,0,0,0,0,duplicate-5%
164,16,20480,14600,0,164,16,164,0,10.507619,7.418296,0,0,0,1448,16,15616,14480,0,1480,16,64,0,0,0,0,duplicate-5%
164,16,20480,14600,0,164,16,164,0,10.377245,7.328388,0,0,0,1448,16,15616,14480,0,1480,16,64,0,0,0,0,duplicate-5%
164,16,20480,14600,0,164,16,164,0,10.398995,7.408751,0,0,0,1448,16,15616,14480,0,1480,16,64,0,0,0,0,duplicate-5%
164,16,20480,14600,0,164,16,164,0,10.382245,7.287843,0,0,0,1448,16,15616,14480,0,1480,16,64,0,0,0,0,duplicate-5%
164,16,20480,14600,0,164,16,164,0,10.308871,7.24557,0,0,0,1448,16,15616,14480,0,1480,16,64,0,0,0,0,duplicate-5%
164,16,20480,14600,0,164,16,164,0,10.40887,7.355024,0,0,0,1448,16,15616,14480,0,1480,16,64,0,0,0,0,duplicate-5%
164,16,20480,14600,0,164,16,164,0,10.531243,6.688528,0,0,0,1448,16,15616,14480,0,1480,16,64,0,0,0,0,duplicate-5%
164,16,20480,14600,0,164,16,164,0,10.40412,7.392569,0,0,0,1448,16,15616,14480,0,1480,16,64,0,0,0,0,duplicate-5%
164,16,20480,14600,0,164,16,164,0,10.372495,7.412933,0,0,0,1448,16,15616,14480,0,1480,16,64,0,0,0,0,duplicate-5%
164,16,20480,14600,0,164,16,164,0,10.353871,7.33657,0,0,0,1448,16,15616,14480,0,1480,16,64,0,0,0,0,duplicate-5%
164,16,20480,14600,0,164,16,164,0,11.686119,4.528394,0,0,0,1448,16,15616,14480,0,1480,16,64,0,0,0,0,duplicate-5%
164,16,20480,14600,0,164,16,164,0,10.546118,3.705239,0,0,0,1448,16,15616,14480,0,1480,16,64,0,0,0,0,duplicate-5%
164,16,20480,14600,0,164,16,164,0,10.38587,7.370751,0,0,0,1448,16,15616,14480,0,1480,16,64,0,0,0,0,duplicate-5%
164,16,20480,14600,0,164,16,164,0,10.324496,7.36466,0,0,0,1448,16,15616,14480,0,1480,16,64,0,0,0,0,duplicate-5%
164,16,20480,14600,0,164,16,164,0,10.261747,7.350206,0,0,0,1448,16,15616,14480,0,1480,16,64,0,0,0,0,duplicate-5%
164,16,20480,14600,0,164,16,164,0,10.42662,7.291479,0,0,0,1448,16,15616,14480,0,1480,16,64,0,0,0,0,duplicate-5%
164,16,20480,14600,0,164,16,164,0,10.462244,7.397751,0,0,0,1448,16,15616,14480,0,1480,16,64,0,0,0,0,duplicate-5%
164,16,20480,14600,0,164,16,164,0,10.42237,7.32257,0,0,0,1448,16,15616,14480,0,1480,16,64,0,0,0,0,duplicate-5%
164,16,20480,14600,0,164,16,164,0,10.332246,7.380933,0,0,0,1448,16,15616,14480,0,1480,16,64,0,0,0,0,duplicate-5%
164,16,20480,14600,0,164,16,164,0,6.489336,3.97286,0,0,0,1448,16,15616,14480,0,1480,16,64,0,0,0,0,duplicate-5%
164,16,20480,14600,0,164,16,164,0,10.330621,7.389387,0,0,0,1448,16,15616,14480,0,1480,16,64,0,0,0,0,duplicate-5%
164,16,20480,14600,0,164,16,164,0,10.249372,7.392842,0,0,0,1448,16,15616,14480,0,1480,16,64,0,0,0,0,duplicate-5%
164,16,20480,14600,0,164,16,164,0,10.359121,7.32157,0,0,0,1448,16,15616,14480,0,1480,16,64,0,0,0,0,duplicate-5%
164,16,20480,14600,0,164,16,164,0,10.429995,7.335842,0,0,0,1448,16,15616,14480,0,1480,16,64,0,0,0,0,duplicate-5%
164,16,20480,14600,0,164,16,164,0,10.519244,7.356206,0,0,0,1448,16,15616,14480,0,1480,16,64,0,0,0,0,duplicate-5%
164,16,20480,14600,0,164,16,164,0,10.314121,7.251298,0,0,0,1448,16,15616,14480,0,1480,16,64,0,0,0,0,duplicate-5%
164,16,20480,14600,0,164,16,164,0,10.469494,6.674944,0,0,0,1448,16,15616,14480,0,1480,16,64,0,0,0,0,duplicate-5%
164,16,20480,14600,0,164,16,164,0,10.321621,7.302934,0,0,0,1448,16,15616,14480,0,1480,16,64,0,0,0,0,duplicate-5%
164,16,20480,14600,0,164,16,164,0,10.513869,7.407569,0,0,0,1448,16,15616,14480,0,1480,16,64,0,0,0,0,duplicate-5%
164,16,20480,14600,0,164,16,164,0,10.380745,6.712277,0,0,0,1448,16,15616,14480,0,1480,16,64,0,0,0,0,duplicate-5%
164,16,20480,14600,0,164,16,164,0,10.536493,7.332115,0,0,0,1448,16,15616,14480,0,1480,16,64,0,0,0,0,duplicate-5%
164,16,20480,14600,0,164,16,164,0,10.332746,7.317115,0,0,0,1448,16,15616,14480,0,1480,16,64,0,0,0,0,duplicate-5%
164,16,20480,14600,0,164,16,164,0,10.334996,7.401296,0,0,0,1448,16,15616,14480,0,1480,16,64,0,0,0,0,duplicate-5%
112,16,20480,14600,0,112,16,0,0,11.925972,8.103619,0,0,0,1448,16,15616,14480,0,1480,16,32,0,0,0,0,duplicate-5%
164,16,20480,14600,0,164,16,164,0,10.456994,7.268298,0,0,0,1448,16,15616,14480,0,1480,16,64,0,0,0,0,duplicate-5%
164,16,20480,14600,0,164,16,164,0,10.322871,7.297934,0,0,0,1448,16,15616,14480,0,1480,16,64,0,0,0,0,duplicate-5%
164,32,20480,14600,0,164,32,164,0,6.120055,8.073419,0,0,0,1448,16,15616,14480,0,1480,16,64,0,0,0,0,duplicate-5%
164,16,20480,14600,0,164,16,164,0,11.735689,8.116519,0,0,0,1448,16,15616,14480,0,1480,16,64,0,0,0,0,duplicate-5%
164,16,20480,14600,0,164,16,164,0,10.351871,7.432023,0,0,0,1448,16,15616,14480,0,1480,16,64,0,0,0,0,duplicate-5%
164,16,20480,14600,0,164,16,164,0,10.289746,7.341115,0,0,0,1448,16,15616,14480,0,1480,16,64,0,0,0,0,duplicate-5%
164,16,20480,14600,0,164,16,164,0,18.641892,16.525032,0,0,0,1448,16,15616,14480,0,1480,16,64,0,0,0,0,reordering25%-50%
164,16,17536,14600,0,164,16,164,0,19.547506,18.00482,0,0,0,1448,16,15616,14480,0,1480,16,64,0,0,1,0,reordering25%-50%
164,16,20480,14600,0,164,16,164,0,19.266884,17.403024,0,0,0,1448,16,15616,14480,0,1480,16,64,0,0,0,0,reordering25%-50%
164,16,20480,14600,0,164,16,164,0,20.965986,16.192216,0,0,0,1448,16,15616,14480,0,1480,16,64,0,0,0,0,reordering25%-50%
164,16,20480,14600,0,164,16,164,0,20.37937,17.41766,0,0,0,1448,16,15616,14480,0,1480,16,64,0,0,0,0,reordering25%-50%
164,16,20480,14600,0,164,16,164,0,20.124123,17.413569,0,0,0,1448,16,15616,14480,0,1480,16,64,0,0,0,0,reordering25%-50%
164,16,20480,14600,0,164,16,164,0,20.434495,16.440214,0,0,0,1448,16,15616,14480,0,1480,16,64,0,0,0,0,reordering25%-50%
164,16,20480,14600,0,164,16,164,0,16.695791,16.041127,0,0,0,1448,16,15616,14480,0,1480,16,64,0,0,0,0,reordering25%-50%
164,16,20480,14600,0,164,16,164,0,20.454619,18.130619,0,0,0,1448,16,15616,14480,0,1480,16,64,0,0,0,0,reordering25%-50%
164,16,20480,14600,0,164,16,164,0,20.142748,17.450841,0,0,0,1448,16,15616,14480,0,1480,16,64,0,0,0,0,reordering25%-50%
164,16,20480,14600,0,164,16,164,0,19.895501,17.392933,0,0,0,1448,16,15616,14480,0,1480,16,64,0,0,0,0,reordering25%-50%
164,16,20480,14600,0,164,16,164,0,19.407882,16.974482,0,0,0,1448,16,15616,14480,0,1480,16,64,0,0,0,0,reordering25%-50%
164,16,20480,14600,0,164,16,164,0,20.520118,17.523295,0,0,0,1448,16,15616,14480,0,1480,16,64,0,0,0,0,reordering25%-50%
164,16,20480,14600,0,164,16,164,0,19.099636,17.192753,0,0,0,1448,16,15616,14480,0,1480,16,64,0,0,0,0,reordering25%-50%
164,16,20480,14600,0,164,16,164,0,20.169123,17.322661,0,0,0,1448,16,15616,14480,0,1480,16,64,0,0,0,0,reordering25%-50%
164,16,20480,14600,0,164,16,164,0,20.513369,17.312843,0,0,0,1448,16,15616,14480,0,1480,16,64,0,0,0,0,reordering25%-50%
164,16,20480,14600,0,164,16,164,0,21.987686,17.242843,0,0,0,1448,16,15616,14480,0,1480,16,64,0,0,0,0,reordering25%-50%
164,16,20480,14600,0,164,16,164,0,17.608155,17.45475,0,0,0,1448,16,15616,14480,0,1480,16,64,0,0,0,0,reordering25%-50%
164,16,20480,14600,0,164,16,164,0,20.441244,17.451205,0,0,0,1448,16,15616,14480,0,1480,16,64,0,0,0,0,reordering25%-50%
164,16,20480,14600,0,164,16,164,0,20.019,16.537668,0,0,0,1448,16,15616,14480,0,1480,16,64,0,0,0,0,reordering25%-50%
164,16,20480,14600,0,164,16,164,0,20.508494,17.244934,0,0,0,1448,16,15616,14480,0,1480,16,64,0,0,0,0,reordering25%-50%
164,16,20480,14600,0,164,16,164,0,20.551993,17.248207,0,0,0,1448,16,15616,14480,0,1480,16,64,0,0,0,0,reordering25%-50%
164,16,20480,14600,0,164,16,164,0,16.110174,17.032118,0,0,0,1448,16,15616,14480,0,1480,16,64,0,0,0,0,reordering25%-50%
164,16,20480,14600,0,164,16,164,0,20.467619,17.316206,0,0,0,1448,16,15616,14480,0,1480,16,64,0,0,0,0,reordering25%-50%
164,16,20480,14600,0,164,16,164,0,20.555618,17.457478,0,0,0,1448,16,15616,14480,0,1480,16,64,0,0,0,0,reordering25%-50%
164,16,20480,14600,0,164,16,164,0,20.242747,16.40876,0,0,0,1448,16,15616,14480,0,1480,16,64,0,0,0,0,reordering25%-50%
164,16,20480,14600,0,164,16,164,0,20.421995,17.433023,0,0,0,1448,16,15616,14480,0,1480,16,64,0,0,0,0,reordering25%-50%
164,16,20480,14600,0,164,16,164,0,19.826002,16.742666,0,0,0,1448,16,15616,14480,0,1480,16,64,0,0,0,0,reordering25%-50%
164,16,20480,14600,0,164,16,164,0,20.482119,17.372206,0,0,0,1448,16,15616,14480,0,1480,16,64,0,0,0,0,reordering25%-50%
164,16,20480,14600,0,164,16,164,0,21.296267,17.360479,0,0,0,1448,16,15616,14480,0,1480,16,64,0,0,0,0,reordering25%-50%
164,16,20480,14600,0,164,16,164,0,20.531743,17.468659,0,0,0,1448,16,15616,14480,0,1480,16,64,0,0,0,0,reordering25%-50%
164,16,20480,14600,0,164,16,164,0,20.488869,17.321752,0,0,0,1448,16,15616,14480,0,1480,16,64,0,0,0,0,reordering25%-50%
164,16,20480,14600,0,164,16,164,0,20.380495,16.447032,0,0,0,1448,16,15616,14480,0,1480,16,64,0,0,0,0,reordering25%-50%
164,16,20480,14600,0,164,16,164,0,20.505744,15.775038,0,0,0,1448,16,15616,14480,0,1480,16,64,0,0,0,0,reordering25%-50%
164,16,20480,14600,0,164,16,164,0,20.384995,16.685576,0,0,0,1448,16,15616,14480,0,1480,16,64,0,0,0,0,reordering25%-50%
164,16,20480,14600,0,164,16,164,0,20.476619,17.25357,0,0,0,1448,16,15616,14480,0,1480,16,64,0,0,0,0,reordering25%-50%
164,16,20480,14600,0,164,16,164,0,20.454869,17.39066,0,0,0,1448,16,15616,14480,0,1480,16,64,0,0,0,0,reordering25%-50%
164,16,20480,14600,0,164,16,164,0,20.504369,16.514577,0,0,0,1448,16,15616,14480,0,1480,16,64,0,0,0,0,reordering25%-50%
164,16,20480,14600,0,164,16,164,0,15.531181,17.435569,0,0,0,1448,16,15616,14480,0,1480,16,64,0,0,0,0,reordering25%-50%
164,16,20480,14600,0,164,16,164,0,20.622867,17.356206,0,0,0,1448,16,15616,14480,0,1480,16,64,0,0,0,0,reordering25%-50%
164,16,20480,14600,0,164,16,164,0,19.797878,17.356842,0,0,0,1448,16,15616,14480,0,1480,16,64,0,0,0,0,reordering25%-50%
164,16,20480,14600,0,164,16,164,0,19.344883,17.455023,0,0,0,1448,16,15616,14480,0,1480,16,64,0,0,0,0,reordering25%-50%
164,16,20480,14600,0,164,16,164,0,20.495994,16.142308,0,0,0,1448,16,15616,14480,0,1480,16,64,0,0,0,0,reordering25%-50%
164,16,20480,14600,0,164,16,164,0,20.470119,17.422296,0,0,0,1448,16,15616,14480,0,1480,16,64,0,0,0,0,reordering25%-50%
164,16,20480,14600,0,164,16,164,0,20.521868,17.408205,0,0,0,1448,16,15616,14480,0,1480,16,64,0,0,0,0,reordering25%-50%
164,16,20480,14600,0,164,16,164,0,20.478994,16.234852,0,0,0,1448,16,15616,14480,0,1480,16,64,0,0,0,0,reordering25%-50%
164,16,20480,14600,0,164,16,164,0,20.281496,17.36366,0,0,0,1448,16,15616,14480,0,1480,16,64,0,0,0,0,reordering25%-50%
164,16,20480,14600,0,164,16,164,0,20.428495,17.39166,0,0,0,1448,16,15616,14480,0,1480,16,64,0,0,0,0,reordering25%-50%
164,16,20480,14600,0,164,16,164,0,19.870377,17.357842,0,0,0,1448,16,15616,14480,0,1480,16,64,0,0,0,0,reordering25%-50%
164,16,20480,14600,0,164,16,164,0,20.996988,16.842211,0,0,0,1448,16,15616,14480,0,1480,16,64,0,0,0,0,reordering25%-50%
164,16,20480,14600,0,164,16,164,0,19.317259,16.219943,0,0,0,1448,16,15616,14480,0,1480,16,64,0,0,0,0,reordering25%-50%
164,16,20480,14600,0,164,16,164,0,20.41987,18.167518,0,0,0,1448,16,15616,14480,0,1480,16,64,0,0,0,0,reordering25%-50%
164,16,20480,14600,0,164,16,164,0,19.287634,16.534668,0,0,0,1448,16,15616,14480,0,1480,16,64,0,0,0,0,reordering25%-50%
164,16,20480,14600,0,164,16,164,0,20.460869,16.959573,0,0,0,1448,16,15616,14480,0,1480,16,64,0,0,0,0,reordering25%-50%
164,16,20480,14600,0,164,16,164,0,20.578493,16.68703,0,0,0,1448,16,15616,14480,0,1480,16,64,0,0,0,0,reordering25%-50%
164,16,20480,14600,0,164,16,164,0,19.473132,16.089854,0,0,0,1448,16,15616,14480,0,1480,16,64,0,0,0,0,reordering25%-50%
164,32,14720,14600,0,164,32,164,0,18.533829,18.101838,0,0,0,64,16,15616,14480,0,64,16,64,0,0,0,0,reordering25%-50%
164,32,14720,14600,0,164,32,164,0,18.322634,18.159437,0,0,0,64,16,15616,14480,0,64,16,64,0,0,0,0,reordering25%-50%
164,16,20480,14600,0,164,16,164,0,14.406445,16.499395,0,0,0,1448,16,15616,14480,0,1480,16,64,0,0,0,0,reordering50%-50%
164,16,20480,14600,0,164,16,164,0,19.513631,16.606213,0,0,0,1448,16,15616,14480,0,1480,16,64,0,0,0,0,reordering50%-50%
164,16,17536,14600,0,164,16,164,0,20.559118,17.643924,0,0,0,1448,16,15616,14480,0,1480,1,64,0,0,1,0,reordering50%-50%
164,16,20480,14600,0,164,16,164,0,18.257022,17.295752,0,0,0,1448,16,15616,14480,0,1480,16,64,0,0,0,0,reordering50%-50%
164,16,17536,14600,0,164,16,164,0,13.315709,16.405236,0,0,0,1448,16,15616,14480,0,1480,16,64,0,0,1,0,reordering50%-50%
164,16,17536,14600,0,164,16,164,0,18.009525,17.95222,0,0,0,1448,16,15616,14480,0,1480,16,64,0,0,0,0,reordering50%-50%
164,16,17536,14600,0,164,16,164,0,14.38682,17.97932,0,0,0,1448,16,15616,14480,0,2720,16,64,0,0,1,0,reordering50%-50%
164,16,17536,14600,0,164,16,164,0,18.292146,16.832932,0,0,0,1448,16,15616,14480,0,1480,1,64,0,0,1,0,reordering50%-50%
164,16,17536,14600,0,164,16,164,0,18.270147,15.365846,0,0,0,1448,16,15616,14480,0,1480,16,64,0,0,0,0,reordering50%-50%
164,16,20480,14600,0,164,16,164,0,19.394133,15.432587,0,0,0,1448,16,15616,14480,0,1480,16,64,0,0,0,0,reordering50%-50%
164,16,17536,14600,0,164,16,164,0,18.311396,15.855841,0,0,0,1448,16,15616,14480,0,1480,1,64,0,0,1,0,reordering50%-50%
164,16,20480,14600,0,164,16,164,0,20.288621,16.504668,0,0,0,1448,16,15616,14480,0,1480,16,64,0,0,0,0,reordering50%-50%
164,16,17536,14600,0,164,16,164,0,18.907514,16.726833,0,0,0,1448,16,15616,14480,0,2720,16,64,0,0,1,0,reordering50%-50%
164,16,20480,14600,0,164,16,164,0,17.897276,13.806147,0,0,0,1448,16,15616,14480,0,1480,16,64,0,0,0,0,reordering50%-50%
164,16,20480,14600,0,164,16,164,0,11.9971,17.320843,0,0,0,1448,16,15616,14480,0,1480,16,64,0,0,0,0,reordering50%-50%
164,16,20480,14600,0,164,16,164,0,15.365808,15.546222,0,0,0,1448,16,15616,14480,0,1480,16,64,0,0,0,0,reordering50%-50%
164,16,20480,14600,0,164,16,164,0,17.517781,14.709684,0,0,0,1448,16,15616,14480,0,1480,16,64,0,0,0,0,reordering50%-50%
164,16,17536,14600,0,164,16,164,0,17.020412,16.143039,0,0,0,1448,16,15616,14480,0,1480,16,64,0,0,0,0,reordering50%-50%
164,16,20480,14600,0,164,16,164,0,19.401007,17.006936,0,0,0,1448,16,15616,14480,0,2688,1,64,0,0,0,0,reordering50%-50%
164,16,20480,14600,0,164,16,164,0,19.290259,16.590849,0,0,0,1448,16,15616,14480,0,1480,16,64,0,0,0,0,reordering50%-50%
164,16,17536,14600,0,164,16,164,0,18.019025,16.922931,0,0,0,1448,16,15616,14480,0,2720,16,64,0,0,1,0,reordering50%-50%
164,16,20480,14600,0,164,16,164,0,15.717679,15.9944,0,0,0,1448,16,15616,14480,0,1480,16,64,0,0,0,0,reordering50%-50%
164,16,20480,14600,0,164,16,164,0,16.712791,15.909128,0,0,0,1448,16,15616,14480,0,2688,1,64,0,0,0,0,reordering50%-50%
164,16,20480,14600,0,164,16,164,0,18.178773,16.427032,0,0,0,1448,16,15616,14480,0,1480,16,64,0,0,0,0,reordering50%-50%
164,16,20480,14600,0,164,16,164,0,20.554868,15.36286,0,0,0,1448,16,15616,14480,0,1480,16,64,0,0,0,0,reordering50%-50%
164,16,17536,14600,0,164,16,164,0,16.961163,16.654333,0,0,0,1448,16,15616,14480,0,1480,16,64,0,0,0,0,reordering50%-50%
164,16,17536,14600,0,164,16,164,0,18.206147,16.514635,0,0,0,1448,16,15616,14480,0,1480,1,64,0,0,1,0,reordering50%-50%
164,16,20480,14600,0,164,16,164,0,19.137136,16.332124,0,0,0,1448,16,15616,14480,0,2688,16,64,0,0,0,0,reordering50%-50%
164,16,17536,14600,0,164,16,164,0,16.792915,15.868441,0,0,0,1448,16,15616,14480,0,1480,16,64,0,0,1,0,reordering50%-50%
164,16,20480,14600,0,164,16,164,0,17.008912,16.502486,0,0,0,1448,16,15616,14480,0,2688,1,64,0,0,0,0,reordering50%-50%
164,16,20480,14600,0,164,16,164,0,14.171948,16.329488,0,0,0,1448,16,15616,14480,0,1480,16,64,0,0,0,0,reordering50%-50%
164,16,17536,14600,0,164,16,164,0,19.688504,16.210238,0,0,0,1448,16,15616,14480,0,1480,1,64,0,0,0,0,reordering50%-50%
164,16,17536,14600,0,164,16,164,0,16.741041,17.789822,0,0,0,1448,16,15616,14480,0,1480,16,64,0,0,1,0,reordering50%-50%
164,16,17536,14600,0,164,16,164,0,20.381995,16.763432,0,0,0,1448,16,15616,14480,0,1480,1,64,0,0,1,0,reordering50%-50%
164,16,20480,14600,0,164,16,164,0,18.540268,14.056145,0,0,0,1448,16,15616,14480,0,1480,16,64,0,0,0,0,reordering50%-50%
164,16,17536,14600,0,164,16,164,0,18.073774,15.303047,0,0,0,1448,16,15616,14480,0,1480,16,64,0,0,1,0,reordering50%-50%
164,16,20480,14600,0,164,16,164,0,19.548756,17.385842,0,0,0,1448,16,15616,14480,0,1480,16,64,0,0,0,0,reordering50%-50%
164,16,20480,14600,0,164,16,164,0,16.959538,16.23158,0,0,0,1448,16,15616,14480,0,1480,16,64,0,0,0,0,reordering50%-50%
164,16,17536,14600,0,164,16,164,0,15.596055,15.910741,0,0,0,1448,16,15616,14480,0,2720,1,64,0,0,1,0,reordering50%-50%
164,16,17536,14600,0,164,16,164,0,20.475994,15.515745,0,0,0,1448,16,15616,14480,0,1480,1,64,0,0,1,0,reordering50%-50%
164,16,17536,14600,0,164,16,164,0,19.452132,12.690073,0,0,0,1448,16,15616,14480,0,1480,1,64,0,0,1,0,reordering50%-50%
164,16,17536,14600,0,164,16,164,0,17.895276,16.094239,0,0,0,1448,16,15616,14480,0,1480,16,64,0,0,1,0,reordering50%-50%
164,16,17536,14600,0,164,16,164,0,19.579755,16.782832,0,0,0,1448,16,15616,14480,0,1480,1,64,0,0,0,0,reordering50%-50%
164,16,20480,14600,0,164,16,164,0,18.808515,17.469387,0,0,0,1448,16,15616,14480,0,1480,16,64,0,0,0,0,reordering50%-50%
164,16,17536,14600,0,164,16,164,0,18.062399,16.929431,0,0,0,1448,16,15616,14480,0,1480,16,64,0,0,1,0,reordering50%-50%
164,16,20480,14600,0,164,16,164,0,18.540268,14.69023,0,0,0,1448,16,15616,14480,0,1480,16,64,0,0,0,0,reordering50%-50%
164,16,20480,14600,0,164,16,164,0,17.824527,14.912683,0,0,0,1448,16,15616,14480,0,1480,16,64,0,0,0,0,reordering50%-50%
164,16,17536,14600,0,164,16,164,0,18.193023,16.180338,0,0,0,1448,16,15616,14480,0,1480,16,64,0,0,1,0,reordering50%-50%
164,16,20480,14600,0,164,16,164,0,18.181273,14.752593,0,0,0,1448,16,15616,14480,0,1480,16,64,0,0,0,0,reordering50%-50%
164,16,20480,14600,0,164,16,164,0,19.097136,16.290488,0,0,0,1448,16,15616,14480,0,1480,16,64,0,0,0,0,reordering50%-50%
164,16,20480,14600,0,164,16,164,0,15.666054,17.304388,0,0,0,1448,16,15616,14480,0,1480,16,64,0,0,0,0,reordering50%-50%
164,16,17536,14600,0,164,16,164,0,17.697029,16.598834,0,0,0,1448,16,15616,14480,0,1480,1,64,0,0,1,0,reordering50%-50%
164,16,20480,14600,0,164,16,164,0,14.529193,16.005036,0,0,0,1448,16,15616,14480,0,1480,16,64,0,0,0,0,reordering50%-50%
164,16,17536,14600,0,164,16,164,0,19.656879,13.312867,0,0,0,1448,16,15616,14480,0,1480,1,64,0,0,1,0,reordering50%-50%
164,16,20480,14600,0,164,16,164,0,15.56393,16.330942,0,0,0,1448,16,15616,14480,0,1480,16,64,0,0,0,0,reordering50%-50%
164,16,20480,14600,0,164,16,164,0,17.914151,17.310934,0,0,0,1448,16,15616,14480,0,2688,16,64,0,0,0,0,reordering50%-50%
164,16,17536,14600,0,164,16,164,0,17.157661,17.00413,0,0,0,1448,16,15616,14480,0,2720,16,64,1,0,0,0,reordering50%-50%
164,16,20480,14600,0,164,16,164,0,19.727503,17.294116,0,0,0,1448,16,15616,14480,0,1480,16,64,0,0,0,0,reordering50%-50%
164,16,20480,14600,0,164,16,164,0,15.060937,16.093217,0,0,0,1448,16,15616,14480,0,2688,16,64,0,0,0,0,reordering50%-50%
164,16,17536,14600,0,164,16,164,0,15.127186,17.02383,0,0,0,1448,16,15616,14480,0,1480,16,64,0,1,0,0,reordering50%-50%